#,Name,Type 1,Type 2,Category,Height,Weight,HP,Attack,Defense,Sp. Attack,Sp. Defense,Speed,Total,Average,Generation,Mythical,Legendary,Evolve From
1,Bulbasaur,Grass,Poison,Seed Pokemon,0.7,6.9,45,49,49,65,65,45,318,53,1,0,0,
2,Ivysaur,Grass,Poison,Seed Pokemon,1,13,60,62,63,80,80,60,405,67.5,1,0,0,1
3,Venusaur,Grass,Poison,Seed Pokemon,2,100,80,82,83,100,100,80,525,87.5,1,0,0,2
3,Venusaur (Mega Venusaur),Grass,Poison,Seed Pokemon,2.4,155.5,80,100,123,122,120,80,625,104.17,1,0,0,2
3,Venusaur (Gigantamax),Grass,Poison,Seed Pokemon,24,0,80,82,83,100,100,80,525,87.5,,,,
4,Charmander,Fire,nan,Lizard Pokemon,0.6,8.5,39,52,43,60,50,65,309,51.5,1,0,0,
5,Charmeleon,Fire,nan,Flame Pokemon,1.1,19,58,64,58,80,65,80,405,67.5,1,0,0,4
6,Charizard,Fire,Flying,Flame Pokemon,1.7,90.5,78,84,78,109,85,100,534,89,1,0,0,5
6,Charizard (Mega Charizard X),Fire,Dragon,Flame Pokemon,1.7,110.5,78,130,111,130,85,100,634,105.67,1,0,0,5
6,Charizard (Mega Charizard Y),Fire,Flying,Flame Pokemon,1.7,100.5,78,104,78,159,115,100,634,105.67,1,0,0,5
6,Charizard (Gigantamax),Fire,Flying,Flame Pokemon,28,0,78,84,78,109,85,100,534,89,1,0,0,5
7,Squirtle,Water,nan,Tiny Turtle Pokemon,0.5,9,44,48,65,50,64,43,314,52.33,1,0,0,
8,Wartortle,Water,nan,Turtle Pokemon,1,22.5,59,63,80,65,80,58,405,67.5,1,0,0,7
9,Blastoise,Water,nan,Shellfish Pokemon,1.6,85.5,79,83,100,85,105,78,530,88.33,1,0,0,8
9,Blastoise (Mega Blastoise),Water,nan,Shellfish Pokemon,1.6,101.1,79,103,120,135,115,78,630,105,1,0,0,8
9,Blastoise (Gigantamax),Water,nan,Shellfish Pokemon,25,0,79,83,100,85,105,78,530,88.33,1,0,0,8
10,Caterpie,Bug,nan,Worm Pokemon,0.3,2.9,45,30,35,20,20,45,195,32.5,1,0,0,
11,Metapod,Bug,nan,Cocoon Pokemon,0.7,9.9,50,20,55,25,25,30,205,34.17,1,0,0,10
12,Butterfree,Bug,Flying,Butterfly Pokemon,1.1,32,60,45,50,90,80,70,395,65.83,1,0,0,11
12,Butterfree,Bug,Flying,Butterfly Pokemon,17,0,60,45,50,90,80,70,395,65.83,1,0,0,11
13,Weedle,Bug,Poison,Hairy Bug Pokemon,0.3,3.2,40,35,30,20,20,50,195,32.5,1,0,0,
14,Kakuna,Bug,Poison,Cocoon Pokemon,0.6,10,45,25,50,25,25,35,205,34.17,1,0,0,13
15,Beedrill,Bug,Poison,Poison Bee Pokemon,1,29.5,65,90,40,45,80,75,395,65.83,1,0,0,14
15,Beedrill (Mega Beedrill),Bug,Poison,Poison Bee Pokemon,1.4,40.5,65,150,40,15,80,145,495,82.5,1,0,0,14
16,Pidgey,Normal,Flying,Tiny Bird Pokemon,0.3,1.8,40,45,40,35,35,56,251,41.83,1,0,0,
17,Pidgeotto,Normal,Flying,Bird Pokemon,1.1,30,63,60,55,50,50,71,349,58.17,1,0,0,16
18,Pidgeot,Normal,Flying,Bird Pokemon,1.5,39.5,83,80,75,70,70,101,479,79.83,1,0,0,17
18,Pidgeot (Mega Pidgeot),Normal,Flying,Bird Pokemon,2.2,50.5,83,80,80,135,80,121,579,96.5,1,0,0,17
19,Rattata,Normal,nan,Mouse Pokemon,0.3,3.5,30,56,35,25,35,72,253,42.17,1,0,0,
19,Rattata (Alolan Rattata),Dark,Normal,Mouse Pokemon,0.3,3.8,30,56,35,25,35,72,253,42.17,1,0,0,
20,Raticate,Normal,nan,Mouse Pokemon,0.7,18.5,55,81,60,50,70,97,413,68.83,1,0,0,19
20,Raticate (Alolan Raticate),Dark,Normal,Mouse Pokemon,0.7,25.5,75,71,70,40,80,77,413,68.83,1,0,0,19
21,Spearow,Normal,Flying,Tiny Bird Pokemon,0.3,2,40,60,30,31,31,70,262,43.67,1,0,0,
22,Fearow,Normal,Flying,Beak Pokemon,1.2,38,65,90,65,61,61,100,442,73.67,1,0,0,21
23,Ekans,Poison,nan,Snake Pokemon,2,6.9,35,60,44,40,54,55,288,48,1,0,0,
24,Arbok,Poison,nan,Cobra Pokemon,3.5,65,60,95,69,65,79,80,448,74.67,1,0,0,23
25,Pikachu,Electric,nan,Mouse Pokemon,0.4,6,35,55,40,50,50,90,320,53.33,1,0,0,
25,Pikachu (Partner Pikachu),Ground,nan,Mouse Pokemon,21,0,45,80,50,75,60,120,430,71.67,1,0,0,
25,Pikachu (Gigantamax),Ground,nan,Mouse Pokemon,0.4,6,45,80,50,75,60,120,430,71.67,1,0,0,
26,Raichu,Electric,nan,Mouse Pokemon,0.8,30,60,90,55,90,80,110,485,80.83,1,0,0,25
26,Raichu (Alolan Raichu),Electric,Psychic,Mouse Pokemon,0.7,21,60,85,50,95,85,110,485,80.83,1,0,0,25
27,Sandshrew,Ground,nan,Mouse Pokemon,0.6,12,50,75,85,20,30,40,300,50,1,0,0,
27,Sandshrew (Alolan Sandshrew),Ice,Steel,Mouse Pokemon,0.7,40,50,75,90,10,35,40,300,50,1,0,0,
28,Sandslash,Ground,nan,Mouse Pokemon,1,29.5,75,100,110,45,55,65,450,75,1,0,0,27
28,Sandslash (Alolan Sandslash),Ice,Steel,Mouse Pokemon,1.2,55,75,100,120,25,65,65,450,75,1,0,0,27
29,Nidoran (F),Poison,nan,Poison Pin Pokemon,0.4,7,55,47,52,40,40,41,275,45.83,1,0,0,
30,Nidorina,Poison,nan,Poison Pin Pokemon,0.8,20,70,62,67,55,55,56,365,60.83,1,0,0,29
31,Nidoqueen,Poison,Ground,Drill Pokemon,1.3,60,90,92,87,75,85,76,505,84.17,1,0,0,30
32,Nidoran (M),Poison,nan,Poison Pin Pokemon,0.5,9,46,57,40,40,40,50,273,45.5,1,0,0,
33,Nidorino,Poison,nan,Poison Pin Pokemon,0.9,19.5,61,72,57,55,55,65,365,60.83,1,0,0,32
34,Nidoking,Poison,Ground,Drill Pokemon,1.4,62,81,102,77,85,75,85,505,84.17,1,0,0,33
35,Clefairy,Fairy,nan,Fairy Pokemon,0.6,7.5,70,45,48,60,65,35,323,53.83,1,0,0,
36,Clefable,Fairy,nan,Fairy Pokemon,1.3,40,95,70,73,95,90,60,483,80.5,1,0,0,35
37,Vulpix,Fire,nan,Fox Pokemon,0.6,9.9,38,41,40,50,65,65,299,49.83,1,0,0,
37,Vulpix (Alolan Vulpix),Ice,nan,Fox Pokemon,0.6,9.9,38,41,40,50,65,65,299,49.83,1,0,0,
38,Ninetales,Fire,nan,Fox Pokemon,1.1,19.9,73,76,75,81,100,100,505,84.17,1,0,0,37
38,Ninetales (Alolan Ninetales),Ice,Fairy,Fox Pokemon,1.1,19.9,73,67,75,81,100,109,505,84.17,1,0,0,37
39,Jigglypuff,Normal,Fairy,Balloon Pokemon,0.5,5.5,115,45,20,45,25,20,270,45,1,0,0,
40,Wigglytuff,Normal,Fairy,Balloon Pokemon,1,12,140,70,45,85,50,45,435,72.5,1,0,0,39
41,Zubat,Poison,Flying,Bat Pokemon,0.8,7.5,40,45,35,30,40,55,245,40.83,1,0,0,
42,Golbat,Poison,Flying,Bat Pokemon,1.6,55,75,80,70,65,75,90,455,75.83,1,0,0,41
43,Oddish,Grass,Poison,Weed Pokemon,0.5,5.4,45,50,55,75,65,30,320,53.33,1,0,0,
44,Gloom,Grass,Poison,Weed Pokemon,0.8,8.6,60,65,70,85,75,40,395,65.83,1,0,0,43
45,Vileplume,Grass,Poison,Flower Pokemon,1.2,18.6,75,80,85,110,90,50,490,81.67,1,0,0,44
46,Paras,Bug,Grass,Mushroom Pokemon,0.3,5.4,35,70,55,45,55,25,285,47.5,1,0,0,
47,Parasect,Bug,Grass,Mushroom Pokemon,1,29.5,60,95,80,60,80,30,405,67.5,1,0,0,45
48,Venonat,Bug,Poison,Insect Pokemon,1,30,60,55,50,40,55,45,305,50.83,1,0,0,
49,Venomoth,Bug,Poison,Poison Moth Pokemon,1.5,12.5,70,65,60,90,75,90,450,75,1,0,0,48
50,Diglett,Ground,nan,Mole Pokemon,0.2,0.8,10,55,25,35,45,95,265,44.17,1,0,0,
50,Diglett (Alolan Diglett),Ground,Steel,Mole Pokemon,0.2,1,10,55,30,35,45,90,265,44.17,1,0,0,
51,Dugtrio,Ground,nan,Mole Pokemon,0.7,33.3,35,100,50,50,70,120,425,70.83,1,0,0,50
51,Dugtrio (Alolan Dugtrio),Ground,Steel,Mole Pokemon,0.7,66.6,35,100,60,50,70,110,425,70.83,1,0,0,50
52,Meowth,Normal,nan,Scratch Cat Pokemon,0.4,4.2,40,45,35,40,40,90,290,48.33,1,0,0,
52,Meowth (Alolan Meowth),Dark,nan,Scratch Cat Pokemon,0.4,4.2,40,35,35,50,40,90,290,48.33,1,0,0,
52,Meowth (Galarian form),Steel,nan,Scratch Cat Pokemon,0.4,7.5,50,65,55,40,40,40,290,48.33,1,0,0,
52,Meowth (Gigantamax),Normal,nan,Scratch Cat Pokemon,33,0,40,45,35,40,40,90,290,48.33,1,0,0,
53,Persian,Normal,nan,Classy Cat Pokemon,1,32,65,70,60,65,65,115,440,73.33,1,0,0,52
53,Persian (Alolan Persian),Dark,nan,Classy Cat Pokemon,1.1,33,65,60,60,75,65,115,440,73.33,1,0,0,52
54,Psyduck,Water,nan,Duck Pokemon,0.8,19.6,50,52,48,65,50,55,320,53.33,1,0,0,
55,Golduck,Water,nan,Duck Pokemon,1.7,76.6,80,82,78,95,80,85,500,83.33,1,0,0,54
56,Mankey,Fighting,nan,Pig Monkey Pokemon,0.5,28,40,80,35,35,45,70,305,50.83,1,0,0,
57,Primeape,Fighting,nan,Pig Monkey Pokemon,1,32,65,105,60,60,70,95,455,75.83,1,0,0,56
58,Growlithe,Fire,nan,Puppy Pokemon,0.7,19,55,70,45,70,50,60,350,58.33,1,0,0,
59,Arcanine,Fire,nan,Legendary Pokemon,1.9,155,90,110,80,100,80,95,555,92.5,1,0,0,58
60,Poliwag,Water,nan,Tadpole Pokemon,0.6,12.4,40,50,40,40,40,90,300,50,1,0,0,
61,Poliwhirl,Water,nan,Tadpole Pokemon,1,20,65,65,65,50,50,90,385,64.17,1,0,0,60
62,Poliwrath,Water,Fighting,Tadpole Pokemon,1.3,54,90,95,95,70,90,70,510,85,1,0,0,61
63,Abra,Psychic,nan,Psi Pokemon,0.9,19.5,25,20,15,105,55,90,310,51.67,1,0,0,
64,Kadabra,Psychic,nan,Psi Pokemon,1.3,56.5,40,35,30,120,70,105,400,66.67,1,0,0,63
65,Alakazam,Psychic,nan,Psi Pokemon,1.5,48,55,50,45,135,95,120,500,83.33,1,0,0,64
65,Alakazam (Mega Alakazam),Psychic,nan,Psi Pokemon,1.2,48,55,50,65,175,105,150,600,100,1,0,0,64
66,Machop,Fighting,nan,Superpower Pokemon,0.8,19.5,70,80,50,35,35,35,305,50.83,1,0,0,
67,Machoke,Fighting,nan,Superpower Pokemon,1.5,70.5,80,100,70,50,60,45,405,67.5,1,0,0,66
68,Machamp,Fighting,nan,Superpower Pokemon,1.6,130,90,130,80,65,85,55,505,84.17,1,0,0,67
68,Machamp (Gigantamax),Fighting,nan,Superpower Pokemon,25,0,90,130,80,65,85,55,505,84.17,1,0,0,67
69,Bellsprout,Grass,Poison,Flower Pokemon,0.7,4,50,75,35,70,30,40,300,50,1,0,0,
70,Weepinbell,Grass,Poison,Flycatcher Pokemon,1,6.4,65,90,50,85,45,55,390,65,1,0,0,69
71,Victreebel,Grass,Poison,Flycatcher Pokemon,1.7,15.5,80,105,65,100,70,70,490,81.67,1,0,0,70
72,Tentacool,Water,Poison,Jellyfish Pokemon,0.9,45.5,40,40,35,50,100,70,335,55.83,1,0,0,
73,Tentacruel,Water,Poison,Jellyfish Pokemon,1.6,55,80,70,65,80,120,100,515,85.83,1,0,0,72
74,Geodude,Rock,Ground,Rock Pokemon,0.4,20,40,80,100,30,30,20,300,50,1,0,0,
74,Geodude (Alolan Geodude),Rock,Electric,Rock Pokemon,0.4,20.3,40,80,100,30,30,20,300,50,1,0,0,
75,Graveler,Rock,Ground,Rock Pokemon,1,105,55,95,115,45,45,35,390,65,1,0,0,74
75,Graveler (Alolan Graveler),Rock,Electric,Rock Pokemon,1,110,55,95,115,45,45,35,390,65,1,0,0,74
76,Golem,Rock,Ground,Megaton Pokemon,1.4,300,80,120,130,55,65,45,495,82.5,1,0,0,75
76,Golem (Alolan Golem),Rock,Electric,Megaton Pokemon,1.7,316,80,120,130,55,65,45,495,82.5,1,0,0,75
77,Ponyta,Fire,nan,Fire Horse Pokemon,1,30,50,85,55,65,65,90,410,68.33,1,0,0,
77,Ponyta (Galarian form),Psychic,nan,Unique Horn Pokemon,0.8,24,50,85,55,65,65,90,410,68.33,1,0,0,
78,Rapidash,Fire,Poison,Fire Horse Pokemon,1.7,95,65,100,70,80,80,105,500,83.33,1,0,0,77
78,Rapidash (Galarian form),Psychic,Fairy,Unique Horn Pokemon,1.7,80,65,100,70,80,80,105,500,83.33,1,0,0,77
79,Slowpoke,Water,Psychic,Dopey Pokemon,1.2,36,90,65,65,40,40,15,315,52.5,1,0,0,
79,Slowpoke (Galarian form),Psychic,nan,Dopey Pokemon,1.2,36,90,65,65,40,40,15,315,52.5,1,0,0,
80,Slowbro,Water,Psychic,Hermit Crab Pokemon,1.6,78.5,95,75,110,100,80,30,490,81.67,1,0,0,79
80,Slowbro (Galarian form),Poison,Psychic,Hermit Crab Pokemon,2,120,95,100,95,100,70,30,490,81.67,1,0,0,79
80,Slowbro (Mega Slowbro),Water,Psychic,Hermit Crab Pokemon,1.6,70.5,95,75,180,130,80,30,590,98.33,1,0,0,79
81,Magnemite,Electric,Steel,Magnet Pokemon,0.3,6,25,35,70,95,55,45,325,54.17,1,0,0,
82,Magneton,Electric,Steel,Magnet Pokemon,1,60,50,60,95,120,70,70,465,77.5,1,0,0,81
83,Farfetch'd,Normal,Flying,Wild Duck Pokemon,0.8,15,52,90,55,58,62,60,377,62.83,1,0,0,
83,Farfetch'd (Galarian form),Fighting,nan,Wild Bull Pokemon,0.8,42,52,95,55,58,62,55,377,62.83,1,0,0,
84,Doduo,Normal,Flying,Twin Bird Pokemon,1.4,39.2,35,85,45,35,35,75,310,51.67,1,0,0,
85,Dodrio,Normal,Flying,Triple Bird Pokemon,1.8,85.2,60,110,70,60,60,110,470,78.33,1,0,0,84
86,Seel,Water,nan,Sea Lion Pokemon,1.1,90,65,45,55,45,70,45,325,54.17,1,0,0,
87,Dewgong,Water,Ice,Sea Lion Pokemon,1.7,120,90,70,80,70,95,70,475,79.17,1,0,0,86
88,Grimer,Poison,nan,Sludge Pokemon,0.9,30,80,80,50,40,50,25,325,54.17,1,0,0,
88,Grimer (Alolan Grimer),Poison,Dark,Sludge Pokemon,0.7,42,80,80,50,40,50,25,325,54.17,1,0,0,
89,Muk,Poison,nan,Sludge Pokemon,1.2,30,105,105,75,65,100,50,500,83.33,1,0,0,88
89,Muk (Alolan Muk),Poison,Dark,Sludge Pokemon,1,52,105,105,75,65,100,50,500,83.33,1,0,0,88
90,Shellder,Water,nan,Bivalve Pokemon,0.3,4,30,65,100,45,25,40,305,50.83,1,0,0,
91,Cloyster,Water,Ice,Bivalve Pokemon,1.5,132.5,50,95,180,85,45,70,525,87.5,1,0,0,90
92,Gastly,Ghost,Poison,Gas Pokemon,1.3,0.1,30,35,30,100,35,80,310,51.67,1,0,0,
93,Haunter,Ghost,Poison,Gas Pokemon,1.6,0.1,45,50,45,115,55,95,405,67.5,1,0,0,92
94,Gengar,Ghost,Poison,Shadow Pokemon,1.5,40.5,60,65,60,130,75,110,500,83.33,1,0,0,93
94,Gengar (Mega Gengar),Ghost,Poison,Shadow Pokemon,1.4,40.5,60,65,80,170,95,130,600,100,1,0,0,93
94,Gengar (Gigantamax),Ghost,Poison,Shadow Pokemon,20,0,60,65,60,130,75,110,500,83.33,1,0,0,93
95,Onix,Rock,Ground,Rock Snake Pokemon,8.8,210,35,45,160,30,45,70,385,64.17,1,0,0,
96,Drowzee,Psychic,nan,Hypnosis Pokemon,1,32.4,60,48,45,43,90,42,328,54.67,1,0,0,
97,Hypno,Psychic,nan,Hypnosis Pokemon,1.6,75.6,85,73,70,73,115,67,483,80.5,1,0,0,96
98,Krabby,Water,nan,River Crab Pokemon,0.4,6.5,30,105,90,25,25,50,325,54.17,1,0,0,
99,Kingler,Water,nan,Pincer Pokemon,1.3,60,55,130,115,50,50,75,475,79.17,1,0,0,98
99,Kingler (Gigantamax),Water,nan,Pincer Pokemon,19,0,55,130,115,50,50,75,475,79.17,1,0,0,98
100,Voltorb,Electric,nan,Ball Pokemon,0.5,10.5,40,30,50,55,55,100,330,55,1,0,0,
101,Electrode,Electric,nan,Ball Pokemon,1.2,66.6,60,50,70,80,80,150,490,81.67,1,0,0,100
102,Exeggcute,Grass,Psychic,Egg Pokemon,0.4,2.5,60,40,80,60,45,40,325,54.17,1,0,0,
103,Exeggutor,Grass,Psychic,Coconut Pokemon,2,120,95,95,85,125,75,55,530,88.33,1,0,0,102
103,Exeggutor (Alolan Exeggutor),Grass,Dragon,Coconut Pokemon,10.9,415.6,95,105,85,125,75,45,530,88.33,1,0,0,102
104,Cubone,Electric,nan,Lonely Pokemon,0.4,6.5,50,50,95,40,50,35,320,53.33,1,0,0,
105,Marowak,Ground,nan,Bone Keeper Pokemon,1,45,60,80,110,50,80,45,425,70.83,1,0,0,104
105,Marowak (Alolan Marowak),Ground,nan,Bone Keeper Pokemon,1,34,60,80,110,50,80,45,425,70.83,1,0,0,104
106,Hitmonlee,Fighting,nan,Kicking Pokemon,1.5,49.8,50,120,53,35,110,87,455,75.83,1,0,0,
107,Hitmonchan,Fighting,nan,Punching Pokemon,1.4,50.2,50,105,79,35,110,76,455,75.83,1,0,0,
108,Lickitung,Normal,nan,Licking Pokemon,1.2,65.5,90,55,75,60,75,30,385,64.17,1,0,0,
109,Koffing,Poison,nan,Poison Gas Pokemon,0.6,1,40,65,95,60,45,35,340,56.67,1,0,0,
110,Weezing,Poison,nan,Poison Gas Pokemon,1.2,9.5,65,90,120,85,70,60,490,81.67,1,0,0,109
110,Weezing (Galarian form),Poison,Fairy,Poison Gas Pokemon,3,16,65,90,120,85,70,60,490,81.67,1,0,0,109
111,Rhyhorn,Ground,Rock,Spikes Pokemon,1,115,80,85,95,30,30,25,345,57.5,1,0,0,
112,Rhydon,Ground,Rock,Drill Pokemon,1.9,120,105,130,120,45,45,40,485,80.83,1,0,0,111
113,Chansey,Normal,nan,Egg Pokemon,1.1,34.6,250,5,5,35,105,50,450,75,1,0,0,440
114,Tangela,Grass,nan,Vine Pokemon,1,35,65,55,115,100,40,60,435,72.5,1,0,0,
115,Kangaskhan,Normal,nan,Parent Pokemon,2.2,80,105,95,80,40,80,90,490,81.67,1,0,0,
115,Kangaskhan (Mega Kangaskhan),Normal,nan,Parent Pokemon,2.2,100,105,125,100,60,100,100,590,98.33,1,0,0,
116,Horsea,Water,nan,Dragon Pokemon,0.4,8,30,40,70,70,25,60,295,49.17,1,0,0,
117,Seadra,Water,nan,Dragon Pokemon,1.2,25,55,65,95,95,45,85,440,73.33,1,0,0,116
118,Goldeen,Water,nan,Goldfish Pokemon,0.6,15,45,67,60,35,50,63,320,53.33,1,0,0,
119,Seaking,Water,nan,Goldfish Pokemon,1.3,39,80,92,65,65,80,68,450,75,1,0,0,118
120,Staryu,Water,nan,Star Shape Pokemon,0.8,34.5,30,45,55,70,55,85,340,56.67,1,0,0,
121,Starmie,Water,Psychic,Mysterious Pokemon,1.1,80,60,75,85,100,85,115,520,86.67,1,0,0,120
122,Mr. Mime,Psychic,Fairy,Barrier Pokemon,1.3,54.5,40,45,65,100,120,90,460,76.67,1,0,0,439
122,Mr. Mime (Galarian form),Ice,Psychic,Dancing Pokemon,1.4,56,50,65,65,90,90,100,460,76.67,1,0,0,439
123,Scyther,Bug,Flying,Mantis Pokemon,1.5,56,70,110,80,55,80,105,500,83.33,1,0,0,
124,Jynx,Ice,Psychic,Human Shape Pokemon,1.4,40.6,65,50,35,115,95,95,455,75.83,1,0,0,238
125,Electabuzz,Electric,nan,Electric Pokemon,1.1,30,65,83,57,95,85,105,490,81.67,1,0,0,239
126,Magmar,Fire,nan,Spitfire Pokemon,1.3,44.5,65,95,57,100,85,93,495,82.5,1,0,0,
127,Pinsir,Bug,nan,Stag Beetle Pokemon,1.5,55,65,125,100,55,70,85,500,83.33,1,0,0,
127,Pinsir (Mega Pinsir),Bug,Flying,Stag Beetle Pokemon,1.7,59,65,155,120,65,90,105,600,100,1,0,0,
128,Tauros,Normal,nan,Wild Bull Pokemon,1.4,88.4,75,100,95,40,70,110,490,81.67,1,0,0,
129,Magikarp,Water,nan,Fish Pokemon,0.9,10,20,10,55,15,20,80,200,33.33,1,0,0,
130,Gyarados,Water,Flying,Atrocious Pokemon,6.5,235,95,125,79,60,100,81,540,90,1,0,0,129
130,Gyarados (Mega Gyarados),Water,Dark,Atrocious Pokemon,6.5,305,95,155,109,70,130,81,640,106.67,2,0,0,129
131,Lapras,Water,Ice,Transport Pokemon,2.5,220,130,85,80,85,95,60,535,89.17,2,0,0,
131,Lapras (Gigantamax),Water,Ice,Transport Pokemon,24,0,130,85,80,85,95,60,535,89.17,2,0,0,
132,Ditto,Normal,nan,Transform Pokemon,0.3,4,48,48,48,48,48,48,288,48,2,0,0,
133,Eevee,Normal,nan,Evolution Pokemon,0.3,6.5,55,55,50,45,65,55,325,54.17,2,0,0,
133,Eevee (Partner Eevee),Normal,nan,Evolution Pokemon,0.3,6.5,65,75,70,65,85,75,435,72.5,2,0,0,
133,Eevee (Gigantamax),Normal,nan,Evolution Pokemon,18,0,65,75,70,65,85,75,435,72.5,2,0,0,
134,Vaporeon,Water,nan,Bubble Jet Pokemon,1,29,130,65,60,110,95,65,525,87.5,2,0,0,133
135,Jolteon,Electric,nan,Lightning Pokemon,0.8,24.5,65,65,60,110,95,130,525,87.5,2,0,0,133
136,Flareon,Fire,nan,Flame Pokemon,0.9,25,65,130,60,95,110,65,525,87.5,2,0,0,133
137,Porygon,Normal,nan,Virtual Pokemon,0.8,36.5,65,60,70,85,75,40,395,65.83,2,0,0,133
138,Omanyte,Rock,Water,Spiral Pokemon,0.4,7.5,35,40,100,90,55,35,355,59.17,2,0,0,
139,Omastar,Rock,Water,Spiral Pokemon,1,35,70,60,125,115,70,55,495,82.5,2,0,0,138
140,Kabuto,Rock,Water,Shellfish Pokemon,0.5,11.5,30,80,90,55,45,55,355,59.17,2,0,0,
141,Kabutops,Rock,Water,Shellfish Pokemon,1.3,40.5,60,115,105,65,70,80,495,82.5,2,0,0,141
142,Aerodactyl,Rock,Flying,Fossil Pokemon,1.8,59,80,105,65,60,75,130,515,85.83,2,0,0,
142,Aerodactyl (Mega Aerodactyl),Bug,Flying,Fossil Pokemon,2.1,79,80,135,85,70,95,150,615,102.5,2,0,0,
143,Snorlax,Normal,nan,Sleeping Pokemon,2.1,460,160,110,65,65,110,30,540,90,2,0,0,446
143,Snorlax (Gigantamax),Normal,nan,Sleeping Pokemon,35,0,160,110,65,65,110,30,540,90,2,0,0,446
144,Articuno,Ice,Flying,Freeze Pokemon,1.7,55.4,90,85,100,95,125,85,580,96.67,2,0,0,
144,Articuno (Galarian),Psychic,Flying,Cruel Pokemon,1.7,50.9,90,85,85,125,100,95,580,96.67,2,0,0,
145,Zapdos,Electric,Flying,Electric Pokemon,1.6,52.6,90,90,85,125,90,100,580,96.67,2,0,1,
145,Zapdos (Galarian),Fighting,Flying,Strong Legs Pokemon,1.6,52.6,90,90,85,125,90,100,580,96.67,2,0,1,
146,Moltres,Fire,Flying,Flame Pokemon,2,60,90,125,90,85,90,100,580,96.67,2,0,1,
146,Moltres (Galarian),Dark,Flying,Flame Pokemon,2,66,90,85,90,100,125,90,580,96.67,2,0,1,
147,Dratini,Dragon,nan,Dragon Pokemon,1.8,3.3,41,64,45,50,50,50,300,50,2,0,1,
148,Dragonair,Dragon,nan,Dragon Pokemon,4,16.5,61,84,65,70,70,70,420,70,2,0,0,147
149,Dragonite,Dragon,Flying,Dragon Pokemon,2.2,210,91,134,95,100,100,80,600,100,2,0,0,148
150,Mewtwo,Psychic,nan,Genetic Pokemon,2,122,106,110,90,154,90,130,680,113.33,2,0,1,
150,Mewtwo (Mega Mewtwo X),Psychic,nan,Genetic Pokemon,2.3,127,106,190,100,154,100,130,780,130,2,0,1,
150,Mewtwo (Mega Mewtwo Y),Psychic,nan,Genetic Pokemon,1.5,33,106,150,70,194,120,140,780,130,2,0,1,
151,Mew,Psychic,nan,New Species Pokemon,0.4,4,100,100,100,100,100,100,600,100,2,1,0,
152,Chikorita,Grass,nan,Leaf Pokemon,0.9,6.4,45,49,65,49,65,45,318,53,2,0,0,
153,Bayleef,Grass,nan,Leaf Pokemon,1.2,15.8,60,62,80,63,80,60,405,67.5,2,0,0,152
154,Meganium,Grass,nan,Herb Pokemon,1.8,100.5,80,82,100,83,100,80,525,87.5,2,0,0,153
155,Cyndaquil,Fire,nan,Fire Mouse Pokemon,0.5,7.9,39,52,43,60,50,65,309,51.5,2,0,0,
156,Quilava,Fire,nan,Volcano Pokemon,0.9,19,58,64,58,80,65,80,405,67.5,2,0,0,155
157,Typhlosion,Fire,nan,Volcano Pokemon,1.7,79.5,78,84,78,109,85,100,534,89,2,0,0,156
158,Totodile,Water,nan,Big Jaw Pokemon,0.6,9.5,50,65,64,44,48,43,314,52.33,2,0,0,
159,Croconaw,Water,nan,Big Jaw Pokemon,1.1,25,65,80,80,59,63,58,405,67.5,2,0,0,158
160,Feraligatr,Water,nan,Big Jaw Pokemon,2.3,88.8,85,105,100,79,83,78,530,88.33,2,0,0,159
161,Sentret,Normal,nan,Scout Pokemon,0.8,6,35,46,34,35,45,20,215,35.83,2,0,0,
162,Furret,Normal,nan,Long Body Pokemon,1.8,32.5,85,76,64,45,55,90,415,69.17,2,0,0,161
163,Hoothoot,Normal,Flying,Owl Pokemon,0.7,21.2,60,30,30,36,56,50,262,43.67,2,0,0,
164,Noctowl,Normal,Flying,Owl Pokemon,1.6,40.8,100,50,50,86,96,70,452,75.33,2,0,0,163
165,Ledyba,Bug,Flying,Five Star Pokemon,1,10.8,40,20,30,40,80,55,265,44.17,2,0,0,
166,Ledian,Bug,Flying,Five Star Pokemon,1.4,35.6,55,35,50,55,110,85,390,65,2,0,0,165
167,Spinarak,Bug,Poison,String Spit Pokemon,0.5,8.5,40,60,40,40,40,30,250,41.67,2,0,0,
168,Ariados,Bug,Poison,Long Leg Pokemon,1.1,33.5,70,90,70,60,70,40,400,66.67,2,0,0,167
169,Crobat,Poison,Flying,Bat Pokemon,1.8,75,85,90,80,70,80,130,535,89.17,2,0,0,42
170,Chinchou,Water,Electric,Angler Pokemon,0.5,12,75,38,38,56,56,67,330,55,2,0,0,
171,Lanturn,Water,Electric,Light Pokemon,1.2,22.5,125,58,58,76,76,67,460,76.67,2,0,0,170
172,Pichu,Electric,nan,Tiny Mouse Pokemon,0.3,2,20,40,15,35,35,60,205,34.17,2,0,0,
173,Cleffa,Fairy,nan,Star Shape Pokemon,0.3,3,50,25,28,45,55,15,218,36.33,2,0,0,
174,Igglybuff,Normal,Fairy,Balloon Pokemon,0.3,1,90,30,15,40,20,15,210,35,2,0,0,
175,Togepi,Fairy,nan,Spike Ball Pokemon,0.3,1.5,35,20,65,40,65,20,245,40.83,2,0,0,
176,Togetic,Fairy,Flying,Happiness Pokemon,0.6,3.2,55,40,85,80,105,40,405,67.5,2,0,0,175
177,Natu,Psychic,Flying,Tiny Bird Pokemon,0.2,2,40,50,45,70,45,70,320,53.33,2,0,0,
178,Xatu,Psychic,Flying,Mystic Pokemon,1.5,15,65,75,70,95,70,95,470,78.33,2,0,0,177
179,Mareep,Electric,nan,Wool Pokemon,0.6,7.8,55,40,40,65,45,35,280,46.67,2,0,0,
180,Flaaffy,Electric,nan,Wool Pokemon,0.8,13.3,70,55,55,80,60,45,365,60.83,2,0,0,179
181,Ampharos,Electric,nan,Light Pokemon,1.4,61.5,90,75,85,115,90,55,510,85,2,0,0,180
181,Ampharos (Mega Ampharos),Electric,Dragon,Light Pokemon,1.4,61.5,90,95,105,165,110,45,610,101.67,2,0,0,180
182,Bellossom,Grass,nan,Flower Pokemon,0.4,5.8,75,80,95,90,100,50,490,81.67,2,0,0,
183,Marill,Water,Fairy,Aqua Mouse Pokemon,0.4,8.5,70,20,50,20,50,40,250,41.67,2,0,0,298
184,Azumarill,Water,Fairy,Aqua Rabbit Pokemon,0.8,28.5,100,50,80,60,80,50,420,70,2,0,0,299
185,Sudowoodo,Rock,nan,Imitation Pokemon,1.2,38,70,100,115,30,65,30,410,68.33,2,0,0,438
186,Politoed,Water,nan,Frog Pokemon,1.1,33.9,90,75,75,90,100,70,500,83.33,2,0,0,61
187,Hoppip,Grass,Flying,Cottonweed Pokemon,0.4,0.5,35,35,40,35,55,50,250,41.67,2,0,0,
188,Skiploom,Grass,Flying,Cottonweed Pokemon,0.6,1,55,45,50,45,65,80,340,56.67,2,0,0,187
189,Jumpluff,Grass,Flying,Cottonweed Pokemon,0.8,3,75,55,70,55,95,110,460,76.67,2,0,0,188
190,Aipom,Normal,nan,Long Tail Pokemon,0.8,11.5,55,70,55,40,55,85,360,60,2,0,0,
191,Sunkern,Grass,nan,Seed Pokemon,0.3,1.8,30,30,30,30,30,30,180,30,2,0,0,
192,Sunflora,Grass,nan,Sun Pokemon,0.8,8.5,75,75,55,105,85,30,425,70.83,2,0,0,191
193,Yanma,Bug,Flying,Clear Wing Pokemon,1.2,38,65,65,45,75,45,95,390,65,2,0,0,
194,Wooper,Water,Ground,Water Fish Pokemon,0.4,8.5,55,45,45,25,25,15,210,35,2,0,0,
195,Quagsire,Water,Ground,Water Fish Pokemon,1.4,75,95,85,85,65,65,35,430,71.67,2,0,0,194
196,Espeon,Psychic,nan,Sun Pokemon,0.9,26.5,65,65,60,130,95,110,525,87.5,2,0,0,133
197,Umbreon,Dark,nan,Moonlight Pokemon,1,27,95,65,110,60,130,65,525,87.5,2,0,0,133
198,Murkrow,Dark,Flying,Darkness Pokemon,0.5,2.1,60,85,42,85,42,91,405,67.5,2,0,0,
199,Slowking,Water,Psychic,Royal Pokemon,2,79.5,95,75,80,100,110,30,490,81.67,2,0,0,79
200,Misdreavus,Ghost,nan,Screech Pokemon,0.7,1,60,60,60,85,85,85,435,72.5,2,0,0,
201,Unown,Psychic,nan,Symbol Pokemon,0.5,5,48,72,48,72,48,48,336,56,2,0,0,
202,Wobbuffet,Psychic,nan,Patient Pokemon,1.3,28.5,190,33,58,33,58,33,405,67.5,2,0,0,360
203,Girafarig,Normal,Psychic,Long Neck Pokemon,1.5,41.5,70,80,65,90,65,85,455,75.83,2,0,0,
204,Pineco,Bug,nan,Bagworm Pokemon,0.6,7.2,50,65,90,35,35,15,290,48.33,2,0,0,
205,Forretress,Bug,Steel,Bagworm Pokemon,1.2,125.8,75,90,140,60,60,40,465,77.5,2,0,0,204
206,Dunsparce,Normal,nan,Land Snake Pokemon,1.5,14,100,70,70,65,65,45,415,69.17,2,0,0,
207,Gligar,Ground,Flying,Fly Scorpion Pokemon,1.1,64.8,65,75,105,35,65,85,430,71.67,2,0,0,
208,Steelix,Steel,Ground,Iron Snake Pokemon,9.2,400,75,85,200,55,65,30,510,85,2,0,0,95
208,Steelix (Mega Steelix),Steel,Ground,Iron Snake Pokemon,10.5,740,75,125,230,55,95,30,610,101.67,2,0,0,95
209,Snubbull,Fairy,nan,Fairy Pokemon,0.6,7.8,60,80,50,40,40,30,300,50,2,0,0,
210,Granbull,Fairy,nan,Fairy Pokemon,1.4,48.7,90,120,75,60,60,45,450,75,2,0,0,209
211,Qwilfish,Water,Poison,Balloon Pokemon,0.5,3.9,65,95,85,55,55,85,440,73.33,2,0,0,
212,Scizor,Bug,Steel,Pincer Pokemon,1.8,118,70,130,100,55,80,65,500,83.33,2,0,0,123
212,Scizor (Mega Scizor),Bug,Steel,Pincer Pokemon,2,125,70,150,140,65,100,75,600,100,2,0,0,123
213,Shuckle,Bug,Rock,Mold Pokemon,0.6,20.5,20,10,230,10,230,5,505,84.17,2,0,0,
214,Heracross,Bug,Fighting,Single Horn Pokemon,1.5,54,80,125,75,40,95,85,500,83.33,2,0,0,
214,Heracross (Mega Heracross),Bug,Fighting,Abundance Pokemon,1.7,62.5,80,185,115,40,105,75,600,100,2,0,0,
215,Sneasel,Dark,Ice,Sharp Claw Pokemon,0.9,28,55,95,55,35,75,115,430,71.67,2,0,0,
216,Teddiursa,Normal,nan,Little Bear Pokemon,0.6,8.8,60,80,50,50,50,40,330,55,2,0,0,
217,Ursaring,Normal,nan,Hibernator Pokemon,1.8,125.8,90,130,75,75,75,55,500,83.33,2,0,0,216
218,Slugma,Fire,nan,Lava Pokemon,0.7,35,40,40,40,70,40,20,250,41.67,2,0,0,
219,Magcargo,Fire,Rock,Lava Pokemon,0.8,55,60,50,120,90,80,30,430,71.67,2,0,0,218
220,Swinub,Ice,Ground,Pig Pokemon,0.4,6.5,50,50,40,30,30,50,250,41.67,2,0,0,
221,Piloswine,Ice,Ground,Swine Pokemon,1.1,55.8,100,100,80,60,60,50,450,75,2,0,0,220
222,Corsola,Water,Rock,Coral Pokemon,0.6,5,65,55,95,65,95,35,410,68.33,2,0,0,
222,Corsola (Galarian form),Ghost,nan,Coral Pokemon,0.6,0.5,60,55,100,65,100,30,410,68.33,2,0,0,
223,Remoraid,Water,nan,Jet Pokemon,0.6,12,35,65,35,65,35,65,300,50,2,0,0,
224,Octillery,Water,nan,Jet Pokemon,0.9,28.5,75,105,75,105,75,45,480,80,2,0,0,223
225,Delibird,Ice,Flying,Delivery Pokemon,0.9,16,45,55,45,65,45,75,330,55,2,0,0,
226,Mantine,Water,Flying,Kite Pokemon,2.1,220,85,40,70,80,140,70,485,80.83,2,0,0,458
227,Skarmory,Steel,Flying,Armor Bird Pokemon,1.7,50.5,65,80,140,40,70,70,465,77.5,3,0,0,
228,Houndour,Dark,Fire,Dark Pokemon,0.6,10.8,45,60,30,80,50,65,330,55,3,0,0,
229,Houndoom,Dark,Fire,Dark Pokemon,1.4,35,75,90,50,110,80,95,500,83.33,3,0,0,228
229,Houndoom (Mega Houndoom),Dark,Fire,Dark Pokemon,1.9,49.5,75,90,90,140,90,115,600,100,3,0,0,228
230,Kingdra,Water,Dragon,Dragon Pokemon,1.8,152,75,95,95,95,95,85,540,90,3,0,0,117
231,Phanpy,Ground,nan,Long Nose Pokemon,0.5,33.5,90,60,60,40,40,40,330,55,3,0,0,
232,Donphan,Ground,nan,Armor Pokemon,1.1,120,90,120,120,60,60,50,500,83.33,3,0,0,231
233,Porygon2,Normal,nan,Virtual Pokemon,0.6,32.5,85,80,90,105,95,60,515,85.83,3,0,0,136
234,Stantler,Normal,nan,Big Horn Pokemon,1.4,71.2,73,95,62,85,65,85,465,77.5,3,0,0,
235,Smeargle,Normal,nan,Painter Pokemon,1.2,58,55,20,35,20,45,75,250,41.67,3,0,0,
236,Tyrogue,Fighting,nan,Scuffle Pokemon,0.7,21,35,35,35,35,35,35,210,35,3,0,0,
237,Hitmontop,Fighting,nan,Handstand Pokemon,1.4,48,50,95,95,35,110,70,455,75.83,3,0,0,
238,Smoochum,Ice,Psychic,Kiss Pokemon,0.4,6,45,30,15,85,65,65,305,50.83,3,0,0,
239,Elekid,Electric,nan,Electric Pokemon,0.6,23.5,45,63,37,65,55,95,360,60,3,0,0,
240,Magby,Fire,nan,Live Coal Pokemon,0.7,21.4,45,75,37,70,55,83,365,60.83,3,0,0,
241,Miltank,Normal,nan,Milk Cow Pokemon,1.2,75.5,95,80,105,40,70,100,490,81.67,3,0,0,
242,Blissey,Normal,nan,Happiness Pokemon,1.5,46.8,255,10,10,75,135,55,540,90,3,0,0,113
243,Raikou,Electric,nan,Thunder Pokemon,1.9,178,90,85,75,115,100,115,580,96.67,3,0,1,
244,Entei,Fire,nan,Volcano Pokemon,2.1,198,115,115,85,90,75,100,580,96.67,3,0,1,
245,Suicune,Water,nan,Aurora Pokemon,2,187,100,75,115,90,115,85,580,96.67,3,0,1,
246,Larvitar,Rock,Ground,Rock Skin Pokemon,0.6,72,50,64,50,45,50,41,300,50,3,0,0,
247,Pupitar,Rock,Ground,Hard Shell Pokemon,1.2,152,70,84,70,65,70,51,410,68.33,3,0,0,246
248,Tyranitar,Rock,Dark,Armor Pokemon,2,202,100,134,110,95,100,61,600,100,3,0,0,247
248,Tyranitar (Mega Tyranitar),Rock,Dark,Armor Bird Pokemon,2.5,255,100,164,150,95,120,71,700,116.67,3,0,0,247
249,Lugia,Psychic,Flying,Diving Pokemon,5.2,216,106,90,130,90,154,110,680,113.33,3,0,1,
250,Ho-Oh,Fire,Flying,Rainbow Pokemon,3.8,199,106,130,90,110,154,90,680,113.33,3,0,1,
251,Celebi,Psychic,Grass,Time Travel Pokemon,0.6,5,100,100,100,100,100,100,600,100,3,1,0,
252,Treecko,Grass,nan,Wood Gecko Pokemon,0.5,5,40,45,35,65,55,70,310,51.67,3,0,0,
253,Grovyle,Grass,nan,Wood Gecko Pokemon,0.9,21.6,50,65,45,85,65,95,405,67.5,3,0,0,252
254,Sceptile,Grass,nan,Forest Pokemon,1.7,52.2,70,85,65,105,85,120,530,88.33,3,0,0,253
254,Sceptile (Mega Sceptile),Grass,Dragon,Forest Pokemon,1.9,55.2,70,110,75,145,85,145,630,105,3,0,0,
255,Torchic,Fire,nan,Chick Pokemon,0.4,2.5,45,60,40,70,50,45,310,51.67,3,0,0,
256,Combusken,Fire,Fighting,Young Fowl Pokemon,0.9,19.5,60,85,60,85,60,55,405,67.5,3,0,0,255
257,Blaziken,Fire,Fighting,Blaze Pokemon,1.9,52,80,120,70,110,70,80,530,88.33,3,0,0,256
257,Blaziken (Mega Blaziken),Fire,Fighting,Blaze Pokemon,1.9,52,80,160,80,130,80,100,630,105,3,0,0,256
258,Mudkip,Water,nan,Mud Fish Pokemon,0.4,7.6,50,70,50,50,50,40,310,51.67,3,0,0,
259,Marshtomp,Water,Ground,Mud Fish Pokemon,0.7,28,70,85,70,60,70,50,405,67.5,3,0,0,258
260,Swampert,Water,Ground,Mud Fish Pokemon,1.5,81.9,100,110,90,85,90,60,535,89.17,3,0,0,259
260,Swampert (Mega Swampert),Water,Ground,Mud Fish Pokemon,1.9,102,100,150,110,95,110,70,635,105.83,3,0,0,259
261,Poochyena,Dark,nan,Bite Pokemon,0.5,13.6,35,55,35,30,30,35,220,36.67,3,0,0,
262,Mightyena,Dark,nan,Bite Pokemon,1,37,70,90,70,60,60,70,420,70,3,0,0,261
263,Zigzagoon,Normal,nan,Tiny Raccoon Pokemon,0.4,17.5,38,30,41,30,41,60,240,40,3,0,0,
263,Zigzagoon (Galarian form),Dark,Normal,Tiny Raccoon Pokemon,0.4,17.5,38,30,41,30,41,60,240,40,3,0,0,
264,Linoone,Normal,nan,Rushing Pokemon,0.5,32.5,78,70,61,50,61,100,420,70,3,0,0,263
264,Linoone (Galarian form),Dark,Normal,Rushing Pokemon,0.5,32.5,78,70,61,50,61,100,420,70,3,0,0,263
265,Wurmple,Bug,nan,Worm Pokemon,0.3,3.6,45,45,35,20,30,20,195,32.5,3,0,0,
266,Silcoon,Bug,nan,Cocoon Pokemon,0.6,10,50,35,55,25,25,15,205,34.17,3,0,0,265
267,Beautifly,Bug,Flying,Butterfly Pokemon,1,28.4,60,70,50,100,50,65,395,65.83,3,0,0,266
268,Cascoon,Bug,nan,Cocoon Pokemon,0.7,11.5,50,35,55,25,25,15,205,34.17,3,0,0,265
269,Dustox,Bug,Poison,Poison Moth Pokemon,1.2,31.6,60,50,70,50,90,65,385,64.17,3,0,0,268
270,Lotad,Water,Grass,Water Weed Pokemon,0.5,2.6,40,30,30,40,50,30,220,36.67,3,0,0,
271,Lombre,Water,Grass,Jolly Pokemon,1.2,32.5,60,50,50,60,70,50,340,56.67,3,0,0,270
272,Ludicolo,Water,Grass,Carefree Pokemon,1.5,55,80,70,70,90,100,70,480,80,3,0,0,271
273,Seedot,Grass,nan,Acorn Pokemon,0.5,4,40,40,50,30,30,30,220,36.67,3,0,0,
274,Nuzleaf,Grass,Dark,Wily Pokemon,1,28,70,70,40,60,40,60,340,56.67,3,0,0,273
275,Shiftry,Grass,Dark,Wicked Pokemon,1.3,59.6,90,100,60,90,60,80,480,80,3,0,0,274
276,Taillow,Normal,Flying,Tiny Swallow Pokemon,0.3,2.3,40,55,30,30,30,85,270,45,3,0,0,
277,Swellow,Normal,Flying,Swallow Pokemon,0.7,19.8,60,85,60,75,50,125,455,75.83,3,0,0,276
278,Wingull,Water,Flying,Seagull Pokemon,0.6,9.5,40,30,30,55,30,85,270,45,3,0,0,
279,Pelipper,Water,Flying,Water Bird Pokemon,1.2,28,60,50,100,95,70,65,440,73.33,3,0,0,278
280,Ralts,Psychic,Fairy,Feeling Pokemon,0.4,6.6,28,25,25,45,35,40,198,33,3,0,0,
281,Kirlia,Psychic,Fairy,Emotion Pokemon,0.8,20.2,38,35,35,65,55,50,278,46.33,3,0,0,280
282,Gardevoir,Psychic,Fairy,Embrace Pokemon,1.6,48.4,68,65,65,125,115,80,518,86.33,3,0,0,281
282,Gardevoir (Mega Gardevoir),Psychic,Fairy,Embrace Pokemon,1.6,48.4,68,85,65,165,135,100,618,103,3,0,0,281
283,Surskit,Bug,Water,Pond Skater Pokemon,0.5,1.7,40,30,32,50,52,65,269,44.83,3,0,0,
284,Masquerain,Bug,Flying,Eyeball Pokemon,0.8,3.6,70,60,62,100,82,80,454,75.67,3,0,0,283
285,Shroomish,Grass,nan,Mushroom Pokemon,0.4,4.5,60,40,60,40,60,35,295,49.17,3,0,0,
286,Breloom,Grass,Fighting,Mushroom Pokemon,1.2,39.2,60,130,80,60,60,70,460,76.67,3,0,0,285
287,Slakoth,Normal,nan,Slacker Pokemon,0.8,24,60,60,60,35,35,30,280,46.67,3,0,0,
288,Vigoroth,Normal,nan,Wild Monkey Pokemon,1.4,46.5,80,80,80,55,55,90,440,73.33,3,0,0,287
289,Slaking,Normal,nan,Lazy Pokemon,2,130.5,150,160,100,95,65,100,670,111.67,3,0,0,288
290,Nincada,Bug,Ground,Trainee Pokemon,0.5,5.5,31,45,90,30,30,40,266,44.33,3,0,0,
291,Ninjask,Bug,Flying,Ninja Pokemon,0.8,12,61,90,45,50,50,160,456,76,3,0,0,290
292,Shedinja,Bug,Ghost,Shed Pokemon,0.8,1.2,1,90,45,30,30,40,236,39.33,3,0,0,290
293,Whismur,Normal,nan,Whisper Pokemon,0.6,16.3,64,51,23,51,23,28,240,40,3,0,0,
294,Loudred,Normal,nan,Big Voice Pokemon,1,40.5,84,71,43,71,43,48,360,60,3,0,0,293
295,Exploud,Normal,nan,Loud Noise Pokemon,1.5,84,104,91,63,91,73,68,490,81.67,3,0,0,294
296,Makuhita,Fighting,nan,Guts Pokemon,1,86.4,72,60,30,20,30,25,237,39.5,3,0,0,
297,Hariyama,Fighting,nan,Arm Thrust Pokemon,2.3,253.8,144,120,60,40,60,50,474,79,3,0,0,296
298,Azurill,Normal,Fairy,Polka Dot Pokemon,0.2,2,50,20,40,20,40,20,190,31.67,3,0,0,
299,Nosepass,Rock,nan,Compass Pokemon,1,97,30,45,135,45,90,30,375,62.5,3,0,0,
300,Skitty,Normal,nan,Kitten Pokemon,0.6,11,50,45,45,35,35,50,260,43.33,3,0,0,
301,Delcatty,Normal,nan,Prim Pokemon,1.1,32.6,70,65,65,55,55,90,400,66.67,3,0,0,300
302,Sableye,Dark,Ghost,Darkness Pokemon,0.5,11,50,75,75,65,65,50,380,63.33,3,0,0,
302,Sableye (Mega Sableye),Dark,Ghost,Darkness Pokemon,0.5,161,50,85,125,85,115,20,480,80,3,0,0,
303,Mawile,Steel,Fairy,Deceiver Pokemon,0.6,11.5,50,85,85,55,55,50,380,63.33,3,0,0,
303,Mawile (Mega Mawile),Steel,Fairy,Deceiver Pokemon,1,23.5,50,105,125,55,95,50,480,80,3,0,0,
304,Aron,Steel,Rock,Iron Armor Pokemon,0.4,60,50,70,100,40,40,30,330,55,3,0,0,
305,Lairon,Steel,Rock,Iron Armor Pokemon,0.9,120,60,90,140,50,50,40,430,71.67,3,0,0,304
306,Aggron,Steel,Rock,Iron Armor Pokemon,2.1,360,70,110,180,60,60,50,530,88.33,3,0,0,305
306,Aggron (Mega Aggron),Steel,nan,Iron Armor Pokemon,2.2,395,70,140,230,60,80,50,630,105,3,0,0,305
307,Meditite,Fighting,Psychic,Meditate Pokemon,0.6,11.2,30,40,55,40,55,60,280,46.67,3,0,0,
308,Medicham,Fighting,Psychic,Meditate Pokemon,1.3,31.5,60,60,75,60,75,80,410,68.33,3,0,0,307
308,Medicham (Mega Medicham),Fighting,Psychic,Meditate Pokemon,1.3,31.5,60,100,85,80,85,100,510,85,3,0,0,307
309,Electrike,Electric,nan,Lightning Pokemon,0.6,15.2,40,45,40,65,40,65,295,49.17,3,0,0,
310,Manectric,Electric,nan,Discharge Pokemon,1.5,40.2,70,75,60,105,60,105,475,79.17,3,0,0,309
310,Manectric (Mega Manectric),Electric,nan,Discharge Pokemon,1.8,44,70,75,80,135,80,135,575,95.83,3,0,0,309
311,Plusle,Electric,nan,Cheering Pokemon,0.4,4.2,60,50,40,85,75,95,405,67.5,3,0,0,
312,Minun,Electric,nan,Cheering Pokemon,0.4,4.2,60,40,50,75,85,95,405,67.5,3,0,0,
313,Volbeat,Bug,nan,Firefly Pokemon,0.7,17.7,65,73,75,47,85,85,430,71.67,3,0,0,
314,Illumise,Bug,nan,Firefly Pokemon,0.6,17.7,65,47,75,73,85,85,430,71.67,3,0,0,
315,Roselia,Grass,Poison,Thorn Pokemon,0.3,2,50,60,45,100,80,65,400,66.67,3,0,0,406
316,Gulpin,Poison,nan,Stomach Pokemon,0.4,10.3,70,43,53,43,53,40,302,50.33,3,0,0,
317,Swalot,Poison,nan,Poison Bag Pokemon,1.7,80,100,73,83,73,83,55,467,77.83,3,0,0,316
318,Carvanha,Water,Dark,Savage Pokemon,0.8,20.8,45,90,20,65,20,65,305,50.83,3,0,0,
319,Sharpedo,Water,Dark,Brutal Pokemon,1.8,88.8,70,120,40,95,40,95,460,76.67,3,0,0,318
319,Sharpedo (Mega Sharpedo),Water,Dark,Brutal Pokemon,2.5,130.3,70,140,70,110,65,105,560,93.33,3,0,0,318
320,Wailmer,Water,nan,Ball Whale Pokemon,2,130,130,70,35,70,35,60,400,66.67,3,0,0,
321,Wailord,Water,nan,Float Whale Pokemon,14.5,398,170,90,45,90,45,60,500,83.33,3,0,0,320
322,Numel,Fire,Ground,Numb Pokemon,0.7,24,60,60,40,65,45,35,305,50.83,3,0,0,
323,Camerupt,Fire,Ground,Eruption Pokemon,1.9,220,70,100,70,105,75,40,460,76.67,3,0,0,322
323,Camerupt (Mega Camerupt),Fire,Ground,Eruption Pokemon,2.5,320.5,70,120,100,145,105,20,560,93.33,3,0,0,322
324,Torkoal,Fire,nan,Coal Pokemon,0.5,80.4,70,85,140,85,70,20,470,78.33,3,0,0,
325,Spoink,Psychic,nan,Bounce Pokemon,0.7,30.6,60,25,35,70,80,60,330,55,3,0,0,
326,Grumpig,Psychic,nan,Manipulate Pokemon,0.9,71.5,80,45,65,90,110,80,470,78.33,3,0,0,325
327,Spinda,Normal,nan,Spot Panda Pokemon,1.1,5,60,60,60,60,60,60,360,60,3,0,0,
328,Trapinch,Ground,nan,Ant Pit Pokemon,0.7,15,45,100,45,45,45,10,290,48.33,3,0,0,
329,Vibrava,Ground,Dragon,Vibration Pokemon,1.1,15.3,50,70,50,50,50,70,340,56.67,3,0,0,328
330,Flygon,Ground,Dragon,Mystic Pokemon,2,82,80,100,80,80,80,100,520,86.67,3,0,0,329
331,Cacnea,Grass,nan,Cactus Pokemon,0.4,51.3,50,85,40,85,40,35,335,55.83,3,0,0,
332,Cacturne,Grass,Dark,Scarecrow Pokemon,1.3,77.4,70,115,60,115,60,55,475,79.17,3,0,0,331
333,Swablu,Normal,Flying,Cotton Bird Pokemon,0.4,1.2,45,40,60,40,75,50,310,51.67,3,0,0,
334,Altaria,Dragon,Flying,Humming Pokemon,1.1,20.6,75,70,90,70,105,80,490,81.67,3,0,0,333
334,Altaria (Mega Altaria),Dragon,Fairy,Humming Pokemon,1.5,20.6,75,110,110,110,105,80,590,98.33,3,0,0,333
335,Zangoose,Normal,nan,Cat Ferret Pokemon,1.3,40.3,73,115,60,60,60,90,458,76.33,3,0,0,
336,Seviper,Poison,nan,Fang Snake Pokemon,2.7,52.5,73,100,60,100,60,65,458,76.33,3,0,0,
337,Lunatone,Rock,Psychic,Meteorite Pokemon,1,168,90,55,65,95,85,70,460,76.67,3,0,0,
338,Solrock,Rock,Psychic,Meteorite Pokemon,1.2,154,90,95,85,55,65,70,460,76.67,3,0,0,
339,Barboach,Water,Ground,Whiskers Pokemon,0.4,1.9,50,48,43,46,41,60,288,48,3,0,0,
340,Whiscash,Water,Ground,Whiskers Pokemon,0.9,23.6,110,78,73,76,71,60,468,78,3,0,0,339
341,Corphish,Water,nan,Ruffian Pokemon,0.6,11.5,43,80,65,50,35,35,308,51.33,3,0,0,
342,Crawdaunt,Water,Dark,Rogue Pokemon,1.1,32.8,63,120,85,90,55,55,468,78,3,0,0,341
343,Baltoy,Ground,Psychic,Clay Doll Pokemon,0.5,21.5,40,40,55,40,70,55,300,50,3,0,0,
344,Claydol,Ground,Psychic,Clay Doll Pokemon,1.5,107.9,60,70,105,70,120,75,500,83.33,3,0,0,343
345,Lileep,Rock,Grass,Sea Lily Pokemon,1,23.8,66,41,77,61,87,23,355,59.17,3,0,0,
346,Cradily,Rock,Grass,Barnacle Pokemon,1.5,60.4,86,81,97,81,107,43,495,82.5,3,0,0,345
347,Anorith,Rock,Bug,Old Shrimp Pokemon,0.7,12.5,45,95,50,40,50,75,355,59.17,3,0,0,
348,Armaldo,Rock,Bug,Plate Pokemon,1.5,68.2,75,125,100,70,80,45,495,82.5,3,0,0,347
349,Feebas,Water,nan,Fish Pokemon,0.6,7.4,20,15,20,10,55,80,200,33.33,3,0,0,
350,Milotic,Water,nan,Tender Pokemon,6.2,162,95,60,79,100,125,81,540,90,3,0,0,349
351,Castform,Normal,nan,Weather Pokemon,0.3,0.8,70,70,70,70,70,70,420,70,3,0,0,
351,Castform (Sunny Form),Fire,nan,Weather Pokemon,0.3,0.8,70,70,70,70,70,70,420,70,3,0,0,
351,Castform (Rainy form),Water,nan,Weather Pokemon,0.3,0.8,70,70,70,70,70,70,420,70,3,0,0,
351,Castform (Snowy form),Ice,nan,Weather Pokemon,0.3,0.8,70,70,70,70,70,70,420,70,3,0,0,
352,Kecleon,Normal,nan,Color Swap Pokemon,1,22,60,90,70,60,120,40,440,73.33,3,0,0,
353,Shuppet,Ghost,nan,Puppet Pokemon,0.6,2.3,44,75,35,63,33,45,295,49.17,3,0,0,
354,Banette,Ghost,nan,Marionette Pokemon,1.1,12.5,64,115,65,83,63,65,455,75.83,3,0,0,353
354,Banette (Mega Banette),Ghost,nan,Marionette Pokemon,1.2,13,64,165,75,93,83,75,555,92.5,3,0,0,353
355,Duskull,Ghost,nan,Requiem Pokemon,0.8,15,20,40,90,30,90,25,295,49.17,3,0,0,
356,Dusclops,Ghost,nan,Beckon Pokemon,1.6,30.6,40,70,130,60,130,25,455,75.83,3,0,0,355
357,Tropius,Grass,Flying,Fruit Pokemon,2,100,99,68,83,72,87,51,460,76.67,3,0,0,
358,Chimecho,Psychic,nan,Wind Chime Pokemon,0.6,1,75,50,80,95,90,65,455,75.83,3,0,0,433
359,Absol,Dark,nan,Disaster Pokemon,1.2,47,65,130,60,75,60,75,465,77.5,3,0,0,
359,Absol (Mega Absol),Dark,nan,Disaster Pokemon,1.2,49,65,150,60,115,60,115,565,94.17,3,0,0,
360,Wynaut,Ice,nan,Bright Pokemon,0.6,14,95,23,48,23,48,23,260,43.33,3,0,0,
361,Snorunt,Ice,nan,Snow Hat Pokemon,0.7,16.8,50,50,50,50,50,50,300,50,3,0,0,
362,Glalie,Ice,nan,Face Pokemon,1.5,256.5,80,80,80,80,80,80,480,80,3,0,0,361
362,Glalie (Mega Glalie),Ice,nan,Face Pokemon,2.1,350.2,80,120,80,120,80,100,580,96.67,3,0,0,361
363,Spheal,Ice,Water,Clap Pokemon,0.8,39.5,70,40,50,55,50,25,290,48.33,3,0,0,
364,Sealeo,Ice,Water,Ball Roll Pokemon,1.1,87.6,90,60,70,75,70,45,410,68.33,3,0,0,363
365,Walrein,Ice,Water,Ice Break Pokemon,1.4,150.6,110,80,90,95,90,65,530,88.33,3,0,0,364
366,Clamperl,Water,nan,Bivalve Pokemon,0.4,52.5,35,64,85,74,55,32,345,57.5,3,0,0,
367,Huntail,Water,nan,Deep Sea Pokemon,1.7,27,55,104,105,94,75,52,485,80.83,3,0,0,366
368,Gorebyss,Water,nan,South Sea Pokemon,1.8,22.6,55,84,105,114,75,52,485,80.83,4,0,0,366
369,Relicanth,Water,Rock,Longevity Pokemon,1,23.4,100,90,130,45,65,55,485,80.83,4,0,0,
370,Luvdisc,Water,nan,Rendezvous Pokemon,0.6,8.7,43,30,55,40,65,97,330,55,4,0,0,
371,Bagon,Dragon,nan,Rock Head Pokemon,0.6,42.1,45,75,60,40,30,50,300,50,4,0,0,
372,Shelgon,Dragon,nan,Endurance Pokemon,1.1,110.5,65,95,100,60,50,50,420,70,4,0,0,371
373,Salamence,Dragon,Fighting,Dragon Pokemon,1.5,102.6,95,135,80,110,80,100,600,100,4,0,0,372
373,Salamence (Mega Salamence),Dragon,Fighting,Dragon Pokemon,1.8,112.6,95,145,130,120,90,120,700,116.67,4,0,0,273
374,Beldum,Steel,Psychic,Iron Ball Pokemon,0.6,95.2,40,55,80,35,60,30,300,50,4,0,0,
375,Metang,Steel,Psychic,Iron Claw Pokemon,1.2,202.5,60,75,100,55,80,50,420,70,4,0,0,374
376,Metagross,Steel,Psychic,Iron Leg Pokemon,1.6,550,80,135,130,95,90,70,600,100,4,0,0,375
376,Metagross (Mega Metagross),Steel,Psychic,Iron Leg Pokemon,2.5,942.9,80,145,150,105,110,110,700,116.67,4,0,0,375
377,Regirock,Rock,Flying,Rock Peak Pokemon,1.7,230,80,100,200,50,100,50,580,96.67,4,0,1,
378,Regice,Ice,nan,Iceberg Pokemon,1.8,175,80,50,100,100,200,50,580,96.67,4,0,1,
379,Registeel,Steel,nan,Iron Pokemon,1.9,205,80,75,150,75,150,50,580,96.67,4,0,1,
380,Latias,Dragon,Psychic,Eon Pokemon,1.4,40,80,80,90,110,130,110,600,100,4,0,1,
380,Latias (Mega Latias),Dragon,Psychic,Eon Pokemon,1.8,52,80,100,120,140,150,110,700,116.67,4,0,1,
381,Latios,Dragon,Psychic,Eon Pokemon,2,60,80,90,80,130,110,110,600,100,4,0,1,
381,Latios (Mega Latios),Dragon,Psychic,Eon Pokemon,2.3,70,80,130,100,160,120,110,700,116.67,4,0,1,
382,Kyogre,Water,nan,Sea Basin Pokemon,4.5,352,100,100,90,150,140,90,670,111.67,4,0,1,
382,Kyogre (Primal Kyogre),Water,nan,Sea Basin Pokemon,9.8,430,100,150,90,180,160,90,770,128.33,4,0,1,
383,Groudon,Ground,nan,Continent Pokemon,3.5,950,100,150,140,100,90,90,670,111.67,4,0,1,
383,Groudon (Primal Groudon),Ground,Fire,Continent Pokemon,5,999.7,100,180,160,150,90,90,770,128.33,4,0,1,
384,Rayquaza,Dragon,Flying,Sky High Pokemon,7,206.5,105,150,90,150,90,95,680,113.33,4,0,1,
384,Rayquaza (Mega Rayquaza),Dragon,Flying,Sky High Pokemon,10.8,392,105,180,100,180,100,115,780,130,4,0,1,
385,Jirachi,Steel,Psychic,Wish Pokemon,0.3,1.1,100,100,100,100,100,100,600,100,4,1,0,
386,Deoxys (Normal Forme),Psychic,nan,DNA Pokemon,1.7,60.8,50,150,50,150,50,150,600,100,4,1,0,
386,Deoxys (Attack Forme),Psychic,nan,DNA Pokemon,1.7,60.8,50,180,20,180,20,150,600,100,4,1,0,
386,Deoxys (Defense Forme),Psychic,nan,DNA Pokemon,1.7,60.8,50,70,160,70,160,90,600,100,4,1,0,
386,Deoxys (Speed Forme),Psychic,nan,DNA Pokemon,1.7,60.8,50,95,90,95,90,180,600,100,4,1,0,
387,Turtwig,Grass,nan,Tiny Leaf Pokemon,0.4,10.2,55,68,64,45,55,31,318,53,4,0,0,
388,Grotle,Grass,nan,Grove Pokemon,1.1,97,75,89,85,55,65,36,405,67.5,4,0,0,387
389,Torterra,Grass,Ground,Continent Pokemon,2.2,310,95,109,105,75,85,56,525,87.5,4,0,0,388
390,Chimchar,Fire,nan,Chimp Pokemon,0.5,6.2,44,58,44,58,44,61,309,51.5,4,0,0,
391,Monferno,Fire,Fighting,Playful Pokemon,0.9,22,64,78,52,78,52,81,405,67.5,4,0,0,390
392,Infernape,Fire,Fighting,Flame Pokemon,1.2,55,76,104,71,104,71,108,534,89,4,0,0,391
393,Piplup,Water,nan,Penguin Pokemon,0.4,5.2,53,51,53,61,56,40,314,52.33,4,0,0,
394,Prinplup,Water,nan,Penguin Pokemon,0.8,23,64,66,68,81,76,50,405,67.5,4,0,0,393
395,Empoleon,Water,Steel,Emperor Pokemon,1.7,84.5,84,86,88,111,101,60,530,88.33,4,0,0,394
396,Starly,Normal,Flying,Starling Pokemon,0.3,2,40,55,30,30,30,60,245,40.83,4,0,0,
397,Staravia,Normal,Flying,Starling Pokemon,0.6,15.5,55,75,50,40,40,80,340,56.67,4,0,0,396
398,Staraptor,Normal,Flying,Predator Pokemon,1.2,24.9,85,120,70,50,60,100,485,80.83,4,0,0,397
399,Bidoof,Normal,nan,Plump Mouse Pokemon,0.5,20,59,45,40,35,40,31,250,41.67,4,0,0,
400,Bibarel,Normal,Water,Beaver Pokemon,1,31.5,79,85,60,55,60,71,410,68.33,4,0,0,399
401,Kricketot,Bug,nan,Cricket Pokemon,0.3,2.2,37,25,41,25,41,25,194,32.33,4,0,0,
402,Kricketune,Bug,nan,Cricket Pokemon,1,25.5,77,85,51,55,51,65,384,64,4,0,0,401
403,Shinx,Electric,nan,Flash Pokemon,0.5,9.5,45,65,34,40,34,45,263,43.83,4,0,0,
404,Luxio,Electric,nan,Spark Pokemon,0.9,30.5,60,85,49,60,49,60,363,60.5,4,0,0,403
405,Luxray,Electric,nan,Gleam Eyes Pokemon,1.4,42,80,120,79,95,79,70,523,87.17,4,0,0,404
406,Budew,Grass,Poison,Bud Pokemon,0.2,1.2,40,30,35,50,70,55,280,46.67,4,0,0,
407,Roserade,Grass,Poison,Bouquet Pokemon,0.9,14.5,60,70,65,125,105,90,515,85.83,4,0,0,315
408,Cranidos,Rock,nan,Head Butt Pokemon,0.9,31.5,67,125,40,30,30,58,350,58.33,4,0,0,
409,Rampardos,Rock,nan,Head Butt Pokemon,1.6,102.5,97,165,60,65,50,58,495,82.5,4,0,0,408
410,Shieldon,Rock,Steel,Shield Pokemon,0.5,57,30,42,118,42,88,30,350,58.33,4,0,0,
411,Bastiodon,Rock,Steel,Shield Pokemon,1.3,149.5,60,52,168,47,138,30,495,82.5,4,0,0,410
412,Burmy,Bug,nan,Bagworm Pokemon,0.2,3.4,40,29,45,29,45,36,224,37.33,4,0,0,
413,Wormadam (Plant Cloak),Bug,Grass,Bagworm Pokemon,0.5,6.5,60,59,85,79,105,36,424,70.67,4,0,0,412
413,Wormadam (Sandy Cloak),Bug,Ground,Bagworm Pokemon,0.5,6.5,60,79,105,59,85,36,424,70.67,4,0,0,412
413,Wormadam (Trash Cloak),Bug,Steel,Bagworm Pokemon,0.5,6.5,60,69,95,69,95,36,424,70.67,4,0,0,412
414,Mothim,Bug,Flying,Moth Pokemon,0.9,23.3,70,94,50,94,50,66,424,70.67,4,0,0,412
415,Combee,Bug,Flying,Tiny Bee Pokemon,0.3,5.5,30,30,42,30,42,70,244,40.67,4,0,0,
416,Vespiquen,Bug,Flying,Beehive Pokemon,1.2,38.5,70,80,102,80,102,40,474,79,4,0,0,415
417,Pachirisu,Electric,nan,EleSquirrel Pokemon,0.4,3.9,60,45,70,45,90,95,405,67.5,4,0,0,
418,Buizel,Water,nan,Sea Weasel Pokemon,0.7,29.5,55,65,35,60,30,85,330,55,4,0,0,418
419,Floatzel,Water,nan,Sea Weasel Pokemon,1.1,33.5,85,105,55,85,50,115,495,82.5,4,0,0,
420,Cherubi,Grass,nan,Cherry Pokemon,0.4,3.3,45,35,45,62,53,35,275,45.83,4,0,0,
421,Cherrim,Grass,nan,Blossom Pokemon,0.5,9.3,70,60,70,87,78,85,450,75,4,0,0,420
422,Shellos,Water,nan,Sea Slug Pokemon,0.3,6.3,76,48,48,57,62,34,325,54.17,4,0,0,
423,Gastrodon,Water,Ground,Sea Slug Pokemon,0.9,29.9,111,83,68,92,82,39,475,79.17,4,0,0,422
424,Ambipom,Normal,nan,Long Tail Pokemon,1.2,20.3,75,100,66,60,66,115,482,80.33,4,0,0,190
425,Drifloon,Ghost,Flying,Balloon Pokemon,0.4,1.2,90,50,34,60,44,70,348,58,4,0,0,
426,Drifblim,Ghost,Flying,Blimp Pokemon,1.2,15,150,80,44,90,54,80,498,83,4,0,0,425
427,Buneary,Normal,nan,Rabbit Pokemon,0.4,5.5,55,66,44,44,56,85,350,58.33,4,0,0,
428,Lopunny,Normal,nan,Rabbit Pokemon,1.2,33.3,65,76,84,54,96,105,480,80,4,0,0,427
428,Lopunny (Mega Lopunny),Normal,Fighting,Rabbit Pokemon,1.3,28.3,65,136,94,54,96,135,580,96.67,4,0,0,427
429,Mismagius,Ghost,nan,Magical Pokemon,0.9,4.4,60,60,60,105,105,105,495,82.5,4,0,0,200
430,Honchkrow,Dark,Flying,Big Boss Pokemon,0.9,27.3,100,125,52,105,52,71,505,84.17,4,0,0,198
431,Glameow,Normal,nan,Catty Pokemon,0.5,3.9,49,55,42,42,37,85,310,51.67,4,0,0,
432,Purugly,Normal,nan,Tiger Cat Pokemon,1,43.8,71,82,64,64,59,112,452,75.33,4,0,0,431
433,Chingling,Psychic,nan,Bell Pokemon,0.2,0.6,45,30,50,65,50,45,285,47.5,4,0,0,
434,Stunky,Poison,Dark,Skunk Pokemon,0.4,19.2,63,63,47,41,41,74,329,54.83,4,0,0,
435,Skuntank,Poison,Dark,Skunk Pokemon,1,38,103,93,67,71,61,84,479,79.83,4,0,0,434
436,Bronzor,Steel,Psychic,Bronze Pokemon,0.5,60.5,57,24,86,24,86,23,300,50,4,0,0,
437,Bronzong,Steel,Psychic,Bronze Bell Pokemon,1.3,187,67,89,116,79,116,33,500,83.33,4,0,0,436
438,Bonsly,Rock,nan,Bonsai Pokemon,0.5,15,50,80,95,10,45,10,290,48.33,4,0,0,
439,Mime Jr.,Psychic,Fairy,Mime Pokemon,0.6,13,20,25,45,70,90,60,310,51.67,4,0,0,
440,Happiny,Normal,nan,Playhouse Pokemon,0.6,24.4,100,5,5,15,65,30,220,36.67,4,0,0,
441,Chatot,Normal,Flying,Music Note Pokemon,0.5,1.9,76,65,45,92,42,91,411,68.5,4,0,0,
442,Spiritomb,Ghost,Dark,Forbidden Pokemon,1,108,50,92,108,92,108,35,485,80.83,4,0,0,
443,Gible,Dragon,Ground,Land Shark Pokemon,0.7,20.5,58,70,45,40,45,42,300,50,4,0,0,
444,Gabite,Dragon,Ground,Cave Pokemon,1.4,56,68,90,65,50,55,82,410,68.33,4,0,0,443
445,Garchomp,Dragon,Ground,Mach Pokemon,1.9,95,108,130,95,80,85,102,600,100,4,0,0,444
445,Garchomp (Mega Garchomp),Dragon,Ground,Mach Pokemon,1.9,95,108,170,115,120,95,92,700,116.67,4,0,0,444
446,Munchlax,Normal,nan,Big Eater Pokemon,0.6,105,135,85,40,40,85,5,390,65,4,0,0,
447,Riolu,Fighting,nan,Emanation Pokemon,0.7,20.2,40,70,40,35,40,60,285,47.5,4,0,0,
448,Lucario,Fighting,Steel,Aura Pokemon,1.2,54,70,110,70,115,70,90,525,87.5,4,0,0,447
448,Lucario (Mega Lucario),Fighting,Steel,Aura Pokemon,1.3,57.5,70,145,88,140,70,112,625,104.17,4,0,0,447
449,Hippopotas,Ground,nan,Hippo Pokemon,0.8,49.5,68,72,78,38,42,32,330,55,4,0,0,
450,Hippowdon,Ground,nan,Heavyweight Pokemon,2,300,108,112,118,68,72,47,525,87.5,4,0,0,449
451,Skorupi,Poison,Bug,Scorpion Pokemon,0.8,12,40,50,90,30,55,65,330,55,4,0,0,
452,Drapion,Poison,Dark,Ogre Scorpion Pokemon,1.3,61.5,70,90,110,60,75,95,500,83.33,4,0,0,451
453,Croagunk,Poison,Fighting,Toxic Mouth Pokemon,0.7,23,48,61,40,61,40,50,300,50,4,0,0,
454,Toxicroak,Poison,Fighting,Toxic Mouth Pokemon,1.3,44.4,83,106,65,86,65,85,490,81.67,4,0,0,453
455,Carnivine,Grass,nan,Bug Catcher Pokemon,1.4,27,74,100,72,90,72,46,454,75.67,4,0,0,
456,Finneon,Water,nan,Wing Fish Pokemon,0.4,7,49,49,56,49,61,66,330,55,4,0,0,
457,Lumineon,Water,nan,Neon Pokemon,1.2,24,69,69,76,69,86,91,460,76.67,4,0,0,456
458,Mantyke,Water,Flying,Kite Pokemon,1,65,45,20,50,60,120,50,345,57.5,4,0,0,
459,Snover,Grass,Ice,Frost Tree Pokemon,1,50.5,60,62,50,62,60,40,334,55.67,4,0,0,
460,Abomasnow,Grass,Ice,Frost Tree Pokemon,2.2,135.5,90,92,75,92,85,60,494,82.33,4,0,0,459
460,Abomasnow (Mega Abomasnow),Grass,Ice,Frost Tree Pokemon,2.7,185,90,132,105,132,105,30,594,99,4,0,0,459
461,Weavile,Dark,Ice,Sharp Claw Pokemon,1.1,34,70,120,65,45,85,125,510,85,4,0,0,215
462,Magnezone,Electric,Steel,Magnet Area Pokemon,1.2,180,70,70,115,130,90,60,535,89.17,4,0,0,82
463,Lickilicky,Normal,nan,Licking Pokemon,1.7,140,110,85,95,80,95,50,515,85.83,4,0,0,108
464,Rhyperior,Ground,Rock,Drill Pokemon,2.4,282.8,115,140,130,55,55,40,535,89.17,4,0,0,
465,Tangrowth,Grass,nan,Vine Pokemon,2,128.6,100,100,125,110,50,50,535,89.17,4,0,0,114
466,Electivire,Electric,nan,Thunderbolt Pokemon,1.8,138.6,75,123,67,95,85,95,540,90,4,0,0,125
467,Magmortar,Fire,nan,Blast Pokemon,1.6,68,75,95,67,125,95,83,540,90,4,0,0,
468,Togekiss,Fairy,Flying,Jubilee Pokemon,1.5,38,85,50,95,120,115,80,545,90.83,4,0,0,
469,Yanmega,Bug,Flying,Ogre Darner Pokemon,1.9,51.5,86,76,86,116,56,95,515,85.83,4,0,0,193
470,Leafeon,Grass,nan,Verdant Pokemon,1,25.5,65,110,130,60,65,95,525,87.5,4,0,0,
471,Glaceon,Ice,nan,Fresh Snow Pokemon,0.8,25.9,65,60,110,130,95,65,525,87.5,4,0,0,
472,Gliscor,Ground,Flying,Fang Scorpion Pokemon,2,42.5,75,95,125,45,75,95,510,85,4,0,0,207
473,Mamoswine,Ice,Ground,Twin Tusk Pokemon,2.5,291,110,130,80,70,60,80,530,88.33,5,0,0,221
474,Porygon-Z,Normal,nan,Virtual Pokemon,0.9,34,85,80,70,135,75,90,535,89.17,5,0,0,233
475,Gallade,Psychic,Fighting,Blade Pokemon,1.6,52,68,125,65,65,115,80,518,86.33,5,0,0,281
475,Gallade (Mega Gallade),Psychic,Fighting,Blade Pokemon,1.6,56.4,68,165,95,65,115,110,618,103,5,0,0,281
476,Probopass,Rock,Steel,Compass Pokemon,1.4,340,60,55,145,75,150,40,525,87.5,5,0,0,
477,Dusknoir,Ghost,nan,Gripper Pokemon,2.2,106.6,45,100,135,65,135,45,525,87.5,5,0,0,356
478,Froslass,Ice,Ghost,Snow Land Pokemon,1.3,26.6,70,80,70,80,70,110,480,80,5,0,0,361
479,Rotom,Electric,Ghost,Plasma Pokemon,0.3,0.3,50,50,77,95,77,91,440,73.33,5,0,0,
479,Rotom (Heat Rotom),Electric,Fire,Plasma Pokemon,0.3,0.3,50,65,107,105,107,86,520,86.67,5,0,0,
479,Rotom (Wash Rotom),Electric,Water,Plasma Pokemon,0.3,0.3,50,65,107,105,107,86,520,86.67,5,0,0,
479,Rotom (Frost Rotom),Electric,Ice,Plasma Pokemon,0.3,0.3,50,65,107,105,107,86,520,86.67,5,0,0,
479,Rotom (Fan Rotom),Electric,Flying,Plasma Pokemon,0.3,0.3,50,65,107,105,107,86,520,86.67,5,0,0,
479,Rotom (Mow Rotom),Electric,Grass,Plasma Pokemon,0.3,0.3,50,65,107,105,107,86,520,86.67,5,0,0,
480,Uxie,Psychic,nan,Knowledge Pokemon,0.3,0.3,75,75,130,75,130,95,580,96.67,5,0,1,
481,Mesprit,Psychic,nan,Emotion Pokemon,0.3,0.3,80,105,105,105,105,80,580,96.67,5,0,1,
482,Azelf,Psychic,nan,Willpower Pokemon,0.3,0.3,75,125,70,125,70,115,580,96.67,5,0,1,
483,Dialga,Steel,Dragon,Temporal Pokemon,5.4,683,100,120,120,150,100,90,680,113.33,5,0,1,
484,Palkia,Water,Dragon,Spatial Pokemon,4.2,336,90,120,100,150,120,100,680,113.33,5,0,1,
485,Heatran,Fire,Steel,Lava Dome Pokemon,1.7,430,91,90,106,130,106,77,600,100,5,0,1,
486,Regigigas,Normal,nan,Colossal Pokemon,3.7,420,110,160,110,80,110,100,670,111.67,5,0,1,
487,Giratina (Altered Forme),Ghost,Dragon,Renegade Pokemon,4.5,750,150,100,120,100,120,90,680,113.33,5,0,1,
487,Giratina (Origin Forme),Ghost,Dragon,Renegade Pokemon,6.9,650,150,120,100,120,100,90,680,113.33,5,0,1,
488,Cresselia,Psychic,nan,Lunar Pokemon,1.5,85.6,120,70,120,75,130,85,600,100,5,0,1,
489,Phione,Water,nan,Sea Drifter Pokemon,0.4,3.1,80,80,80,80,80,80,480,80,5,1,0,
490,Manaphy,Water,nan,Seafaring Pokemon,0.3,1.4,100,100,100,100,100,100,600,100,5,1,489,
491,Darkrai,Dark,nan,Pitch-Black Pokemon,1.5,50.5,70,90,90,135,90,125,600,100,5,1,0,
492,Shaymin (Land Forme),Grass,nan,Gratitude Pokemon,0.2,2.1,100,100,100,100,100,100,600,100,5,1,0,
492,Shaymin (Sky Forme),Grass,Flying,Gratitude Pokemon,0.4,5.2,100,103,75,120,75,127,600,100,5,1,0,
493,Arceus,Normal,nan,Alpha Pokemon,3.2,320,120,120,120,120,120,120,720,120,5,1,0,
494,Victini,Psychic,Fire,Victory Pokemon,0.4,4,100,100,100,100,100,100,600,100,5,1,0,
495,Snivy,Grass,nan,Grass Snake Pokemon,0.6,8.1,45,45,55,45,55,63,308,51.33,5,0,0,
496,Servine,Grass,nan,Grass Snake Pokemon,0.8,16,60,60,75,60,75,83,413,68.83,5,0,0,495
497,Serperior,Grass,nan,Regal Pokemon,3.3,63,75,75,95,75,95,113,528,88,5,0,0,496
498,Tepig,Fire,nan,Fire Pig Pokemon,0.5,9.9,65,63,45,45,45,45,308,51.33,5,0,0,
499,Pignite,Fire,Fighting,Fire Pig Pokemon,1,55.5,90,93,55,70,55,55,418,69.67,5,0,0,498
500,Emboar,Fire,Fighting,Mega Fire Pig Pokemon,1.6,150,110,123,65,100,65,65,528,88,5,0,0,499
501,Oshawott,Water,nan,Sea Otter Pokemon,0.5,5.9,55,55,45,63,45,45,308,51.33,5,0,0,
502,Dewott,Water,nan,Discipline Pokemon,0.8,24.5,75,75,60,83,60,60,413,68.83,5,0,0,501
503,Samurott,Water,nan,Formidable Pokemon,1.5,94.6,95,100,85,108,70,70,528,88,5,0,0,502
504,Patrat,Normal,nan,Scout Pokemon,0.5,11.6,45,55,39,35,39,42,255,42.5,5,0,0,
505,Watchog,Normal,nan,Lookout Pokemon,1.1,27,60,85,69,60,69,77,420,70,5,0,0,504
506,Lillipup,Normal,nan,Puppy Pokemon,0.4,4.1,45,60,45,25,45,55,275,45.83,5,0,0,
507,Herdier,Normal,nan,Loyal Dog Pokemon,0.9,14.7,65,80,65,35,65,60,370,61.67,5,0,0,506
508,Stoutland,Normal,nan,Big-Hearted Pokemon,1.2,61,85,110,90,45,90,80,500,83.33,5,0,0,507
509,Purrloin,Dark,nan,Devious Pokemon,0.4,10.1,41,50,37,50,37,66,281,46.83,5,0,0,
510,Liepard,Dark,nan,Cruel Pokemon,1.1,37.5,64,88,50,88,50,106,446,74.33,5,0,0,509
511,Pansage,Grass,nan,Grass Monkey Pokemon,0.6,10.5,50,53,48,53,48,64,316,52.67,5,0,0,
512,Simisage,Grass,nan,Thorn Monkey Pokemon,1.1,30.5,75,98,63,98,63,101,498,83,5,0,0,511
513,Pansear,Fire,nan,High Temp Pokemon,0.6,11,50,53,48,53,48,64,316,52.67,5,0,0,
514,Simisear,Fire,nan,Ember Pokemon,1,28,75,98,63,98,63,101,498,83,5,0,0,513
515,Panpour,Water,nan,Spray Pokemon,0.6,13.5,50,53,48,53,48,64,316,52.67,5,0,0,
516,Simipour,Water,nan,Geyser Pokemon,1,29,75,98,63,98,63,101,498,83,5,0,0,515
517,Munna,Psychic,nan,Dream Eater Pokemon,0.6,23.3,76,25,45,67,55,24,292,48.67,5,0,0,
518,Musharna,Psychic,nan,Drowsing Pokemon,1.1,60.5,116,55,85,107,95,29,487,81.17,5,0,0,517
519,Pidove,Normal,Flying,Tiny Pigeon Pokemon,0.3,2.1,50,55,50,36,30,43,264,44,5,0,0,
520,Tranquill,Normal,Flying,Wild Pigeon Pokemon,0.6,15,62,77,62,50,42,65,358,59.67,5,0,0,519
521,Unfezant,Normal,Flying,Proud Pokemon,1.2,29,80,115,80,65,55,93,488,81.33,5,0,0,520
522,Blitzle,Electric,nan,Electrified Pokemon,0.8,29.8,45,60,32,50,32,76,295,49.17,5,0,0,
523,Zebstrika,Electric,nan,Thunderbolt Pokemon,1.6,79.5,75,100,63,80,63,116,497,82.83,5,0,0,522
524,Roggenrola,Rock,nan,Mantle Pokemon,0.4,18,55,75,85,25,25,15,280,46.67,5,0,0,
525,Boldore,Rock,nan,Ore Pokemon,0.9,102,70,105,105,50,40,20,390,65,5,0,0,524
526,Gigalith,Rock,nan,Compressed Pokemon,1.7,260,85,135,130,60,80,25,515,85.83,5,0,0,525
527,Woobat,Psychic,Flying,Bat Pokemon,0.4,2.1,65,45,43,55,43,72,323,53.83,5,0,0,
528,Swoobat,Psychic,Flying,Courting Pokemon,0.9,10.5,67,57,55,77,55,114,425,70.83,5,0,0,527
529,Drilbur,Ground,nan,Mole Pokemon,0.3,8.5,60,85,40,30,45,68,328,54.67,5,0,0,
530,Excadrill,Ground,Steel,Subterrene Pokemon,0.7,40.4,110,135,60,50,65,88,508,84.67,5,0,0,529
531,Audino,Normal,nan,Hearing Pokemon,1.1,31,103,60,86,60,86,50,445,74.17,5,0,0,
531,Audino (Mega Audino),Normal,Fairy,Hearing Pokemon,1.5,32,103,60,126,80,126,50,545,90.83,5,0,0,
532,Timburr,Fighting,nan,Muscular Pokemon,0.6,12.5,75,80,55,25,35,35,305,50.83,5,0,0,
533,Gurdurr,Fighting,nan,Muscular Pokemon,1.2,40,85,105,85,40,50,40,405,67.5,5,0,0,532
534,Conkeldurr,Fighting,nan,Muscular Pokemon,1.4,87,105,140,95,55,65,45,505,84.17,5,0,0,533
535,Tympole,Water,nan,Tadpole Pokemon,0.5,4.5,50,50,40,50,40,64,294,49,5,0,0,
536,Palpitoad,Water,Ground,Vibration Pokemon,0.8,17,75,65,55,65,55,69,384,64,5,0,0,535
537,Seismitoad,Water,Ground,Vibration Pokemon,1.5,62,105,95,75,85,75,74,509,84.83,5,0,0,536
538,Throh,Fighting,nan,Judo Pokemon,1.3,55.5,120,100,85,30,85,45,465,77.5,5,0,0,
539,Sawk,Fighting,nan,Karate Pokemon,1.4,41,75,125,75,30,75,85,465,77.5,5,0,0,
540,Sewaddle,Bug,Grass,Sewing Pokemon,0.3,2.5,45,53,70,40,60,42,310,51.67,5,0,0,
541,Swadloon,Bug,Grass,Leaf-Wrapped Pokemon,0.5,7.3,55,63,90,50,80,42,380,63.33,5,0,0,540
542,Leavanny,Bug,Grass,Nurturing Pokemon,1.2,20.5,75,103,80,70,80,92,500,83.33,5,0,0,541
543,Venipede,Bug,Poison,Centipede Pokemon,0.4,5.3,30,45,59,30,39,57,260,43.33,5,0,0,
544,Whirlipede,Bug,Poison,Curlipede Pokemon,1.2,58.5,40,55,99,40,79,47,360,60,5,0,0,543
545,Scolipede,Bug,Poison,Megapede Pokemon,2.5,200.5,60,100,89,55,69,112,485,80.83,5,0,0,544
546,Cottonee,Grass,Fairy,Cotton Puff Pokemon,0.3,0.6,40,27,60,37,50,66,280,46.67,5,0,0,
547,Whimsicott,Grass,Fairy,Windveiled Pokemon,0.7,6.6,60,67,85,77,75,116,480,80,5,0,0,546
548,Petilil,Grass,nan,Bulb Pokemon,0.5,6.6,45,35,50,70,50,30,280,46.67,5,0,0,
549,Lilligant,Grass,nan,Flowering Pokemon,1.1,16.3,70,60,75,110,75,90,480,80,5,0,0,548
550,Basculin,Water,nan,Hostile Pokemon,1,18,70,92,65,80,55,98,460,76.67,5,0,0,
550,Basculin (Blue-Striped),Water,nan,Hostile Pokemon,1,18,70,92,65,80,55,98,460,76.67,5,0,0,
551,Sandile,Ground,Dark,Desert Croc Pokemon,0.7,15.2,50,72,35,35,35,65,292,48.67,5,0,0,
552,Krokorok,Ground,Dark,Desert Croc Pokemon,1,33.4,60,82,45,45,45,74,351,58.5,5,0,0,551
553,Krookodile,Ground,Dark,Intimidation Pokemon,1.5,96.3,95,117,80,65,70,92,519,86.5,5,0,0,552
554,Darumaka,Fire,nan,Zen Charm Pokemon,0.6,37.5,70,90,45,15,45,50,315,52.5,5,0,0,
554,Darumaka (Galarian form),Ice,nan,Zen Charm Pokemon,0.7,40,70,90,45,15,45,50,315,52.5,5,0,0,
555,Darmanitan (Standard Mode),Fire,nan,Blazing Pokemon,1.3,92.9,105,140,55,30,55,95,480,80,5,0,0,554
555,Darmanitan (Zen Mode),Fire,Psychic,Blazing Pokemon,1.3,92.9,105,30,105,140,105,55,540,90,5,0,0,554
555,Darmanitan (Galarian form),Ice,nan,Zen Charm Pokemon,1.7,120,105,140,55,30,55,95,480,80,5,0,0,554
555,"Darmanitan (Galarian form, Zen Mode)",Ice,Fire,Zen Charm Pokemon,1.7,120,105,160,55,30,55,135,540,90,5,0,0,554
556,Maractus,Grass,nan,Cactus Pokemon,1,28,75,86,67,106,67,60,461,76.83,5,0,0,
557,Dwebble,Bug,Rock,Rock Inn Pokemon,0.3,14.5,50,65,85,35,35,55,325,54.17,5,0,0,
558,Crustle,Bug,Rock,Stone Home Pokemon,1.4,200,70,105,125,65,75,45,485,80.83,5,0,0,557
559,Scraggy,Dark,Fighting,Shedding Pokemon,0.6,11.8,50,75,70,35,70,48,348,58,5,0,0,
560,Scrafty,Dark,Fighting,Hoodlum Pokemon,1.1,30,65,90,115,45,115,58,488,81.33,5,0,0,559
561,Sigilyph,Psychic,Fighting,Avianoid Pokemon,1.4,14,72,58,80,103,80,97,490,81.67,5,0,0,
562,Yamask,Ghost,nan,Spirit Pokemon,0.5,1.5,38,30,85,55,65,30,303,50.5,5,0,0,
562,Yamask (Galarian form),Ground,Ghost,Spirit Pokemon,0.5,1.5,38,55,85,30,65,30,303,50.5,5,0,0,
563,Cofagrigus,Ghost,nan,Coffin Pokemon,1.7,76.5,58,50,145,95,105,30,483,80.5,5,0,0,562
564,Tirtouga,Water,Rock,Prototurtle Pokemon,0.7,16.5,54,78,103,53,45,22,355,59.17,5,0,0,
565,Carracosta,Water,Rock,Prototurtle Pokemon,1.2,81,74,108,133,83,65,32,495,82.5,5,0,0,564
566,Archen,Rock,Flying,First Bird Pokemon,0.5,9.5,55,112,45,74,45,70,401,66.83,5,0,0,
567,Archeops,Rock,Flying,First Bird Pokemon,1.4,32,75,140,65,112,65,110,567,94.5,5,0,0,566
568,Trubbish,Poison,nan,Trash Bag Pokemon,0.6,31,50,50,62,40,62,65,329,54.83,5,0,0,
569,Garbodor,Poison,nan,Trash Heap Pokemon,1.9,107.3,80,95,82,60,82,75,474,79,5,0,0,568
569,Garbodor (Gigantamax),Poison,nan,Trash Heap Pokemon,21,0,80,95,82,60,82,75,474,79,5,0,0,568
570,Zorua,Dark,nan,Tricky Fox Pokemon,0.7,12.5,40,65,40,80,40,65,330,55,5,0,0,
571,Zoroark,Dark,nan,Illusion Fox Pokemon,1.6,81.1,60,105,60,120,60,105,510,85,5,0,0,570
572,Minccino,Normal,nan,Chinchilla Pokemon,0.4,5.8,55,50,40,40,40,75,300,50,5,0,0,
573,Cinccino,Normal,nan,Scarf Pokemon,0.5,7.5,75,95,60,65,60,115,470,78.33,5,0,0,572
574,Gothita,Psychic,nan,Fixation Pokemon,0.4,5.8,45,30,50,55,65,45,290,48.33,5,0,0,
575,Gothorita,Psychic,nan,Manipulate Pokemon,0.7,18,60,45,70,75,85,55,390,65,5,0,0,574
576,Gothitelle,Psychic,nan,Astral Body Pokemon,1.5,44,70,55,95,95,110,65,490,81.67,5,0,0,575
577,Solosis,Psychic,nan,Cell Pokemon,0.3,1,45,30,40,105,50,20,290,48.33,5,0,0,
578,Duosion,Psychic,nan,Mitosis Pokemon,0.6,8,65,40,50,125,60,30,370,61.67,5,0,0,577
579,Reuniclus,Psychic,nan,Multiplying Pokemon,1,20.1,110,65,75,125,85,30,490,81.67,5,0,0,578
580,Ducklett,Water,Flying,Water Bird Pokemon,0.5,5.5,62,44,50,44,50,55,305,50.83,5,0,0,
581,Swanna,Water,Flying,White Bird Pokemon,1.3,24.2,75,87,63,87,63,98,473,78.83,5,0,0,580
582,Vanillite,Ice,nan,Fresh Snow Pokemon,0.4,5.7,36,50,50,65,60,44,305,50.83,5,0,0,
583,Vanillish,Ice,nan,Icy Snow Pokemon,1.1,41,51,65,65,80,75,59,395,65.83,5,0,0,582
584,Vanilluxe,Ice,nan,Snowstorm Pokemon,1.3,57.5,71,95,85,110,95,79,535,89.17,5,0,0,583
585,Deerling,Normal,Grass,Season Pokemon,0.6,19.5,60,60,50,40,50,75,335,55.83,5,0,0,
586,Sawsbuck,Normal,Grass,Season Pokemon,1.9,92.5,80,100,70,60,70,95,475,79.17,5,0,0,585
587,Emolga,Electric,Flying,Sky Squirrel Pokemon,0.4,5,55,75,60,75,60,103,428,71.33,5,0,0,
588,Karrablast,Bug,nan,Clamping Pokemon,0.5,5.9,50,75,45,40,45,60,315,52.5,5,0,0,
589,Escavalier,Bug,Steel,Cavalry Pokemon,1,33,70,135,105,60,105,20,495,82.5,5,0,0,588
590,Foongus,Grass,Poison,Mushroom Pokemon,0.2,1,69,55,45,55,55,15,294,49,5,0,0,
591,Amoonguss,Grass,Poison,Mushroom Pokemon,0.6,10.5,114,85,70,85,80,30,464,77.33,5,0,0,590
592,Frillish,Water,Ghost,Floating Pokemon,1.2,33,55,40,50,65,85,40,335,55.83,5,0,0,
593,Jellicent,Water,Ghost,Floating Pokemon,2.2,135,100,60,70,85,105,60,480,80,5,0,0,592
594,Alomomola,Water,nan,Caring Pokemon,1.2,31.6,165,75,80,40,45,65,470,78.33,5,0,0,
595,Joltik,Normal,Electric,Attaching Pokemon,0.1,0.6,50,47,50,57,50,65,319,53.17,5,0,0,
596,Galvantula,Normal,Electric,EleSpider Pokemon,0.8,14.3,70,77,60,97,60,108,472,78.67,5,0,0,595
597,Ferroseed,Grass,Steel,Thorn Seed Pokemon,0.6,18.8,44,50,91,24,86,10,305,50.83,5,0,0,
598,Ferrothorn,Grass,Steel,Thorn Pod Pokemon,1,110,74,94,131,54,116,20,489,81.5,5,0,0,597
599,Klink,Steel,nan,Gear Pokemon,0.3,21,40,55,70,45,60,30,300,50,5,0,0,
600,Klang,Steel,nan,Gear Pokemon,0.6,51,60,80,95,70,85,50,440,73.33,5,0,0,599
601,Klinklang,Steel,nan,Gear Pokemon,0.6,81,60,100,115,70,85,90,520,86.67,5,0,0,600
602,Tynamo,Electric,nan,EleFish Pokemon,0.2,0.3,35,55,40,45,40,60,275,45.83,5,0,0,
603,Eelektrik,Electric,nan,EleFish Pokemon,1.2,22,65,85,70,75,70,40,405,67.5,5,0,0,602
604,Eelektross,Electric,nan,EleFish Pokemon,2.1,80.5,85,115,80,105,80,50,515,85.83,5,0,0,603
605,Elgyem,Psychic,nan,Cerebral Pokemon,0.5,9,55,55,55,85,55,30,335,55.83,5,0,0,
606,Beheeyem,Psychic,nan,Cerebral Pokemon,1,34.5,75,75,75,125,95,40,485,80.83,5,0,0,605
607,Litwick,Ghost,Fire,Candle Pokemon,0.3,3.1,50,30,55,65,55,20,275,45.83,5,0,0,
608,Lampent,Ghost,Fire,Lamp Pokemon,0.6,13,60,40,60,95,60,55,370,61.67,5,0,0,607
609,Chandelure,Ghost,Fire,Luring Pokemon,1,34.3,60,55,90,145,90,80,520,86.67,5,0,0,608
610,Axew,Dragon,nan,Tusk Pokemon,0.6,18,46,87,60,30,40,57,320,53.33,5,0,0,
611,Fraxure,Dragon,nan,Axe Jaw Pokemon,1,36,66,117,70,40,50,67,410,68.33,5,0,0,610
612,Haxorus,Dragon,nan,Axe Jaw Pokemon,1.8,105.5,76,147,90,60,70,97,540,90,5,0,0,611
613,Cubchoo,Ice,nan,Chill Pokemon,0.5,8.5,55,70,40,60,40,40,305,50.83,5,0,0,
614,Beartic,Ice,nan,Freezing Pokemon,2.6,260,95,130,80,70,80,50,505,84.17,5,0,0,613
615,Cryogonal,Ice,nan,Crystallizing Pokemon,1.1,148,80,50,50,95,135,105,515,85.83,5,0,0,
616,Shelmet,Bug,nan,Snail Pokemon,0.4,7.7,50,40,85,40,65,25,305,50.83,5,0,0,
617,Accelgor,Bug,nan,Shell Out Pokemon,0.8,25.3,80,70,40,100,60,145,495,82.5,5,0,0,616
618,Stunfisk,Ground,Electric,Trap Pokemon,0.7,11,109,66,84,81,99,32,471,78.5,5,0,0,
618,Stunfisk (Galarian form),Ground,Steel,Trap Pokemon,0.7,20.5,109,81,99,66,84,32,471,78.5,5,0,0,
619,Mienfoo,Fighting,nan,Martial Arts Pokemon,0.9,20,45,85,50,55,50,65,350,58.33,5,0,0,
620,Mienshao,Fighting,nan,Martial Arts Pokemon,1.4,35.5,65,125,60,95,60,105,510,85,5,0,0,619
621,Druddigon,Dragon,nan,Cave Pokemon,1.6,139,77,120,90,60,90,48,485,80.83,5,0,0,
622,Golett,Ground,Ghost,Automaton Pokemon,1,92,59,74,50,35,50,35,303,50.5,5,0,0,
623,Golurk,Ground,Ghost,Automaton Pokemon,2.8,330,89,124,80,55,80,55,483,80.5,6,0,0,622
624,Pawniard,Dark,Steel,Sharp Blade Pokemon,0.5,10.2,45,85,70,40,40,60,340,56.67,6,0,0,
625,Bisharp,Dark,Steel,Sword Blade Pokemon,1.6,70,65,125,100,60,70,70,490,81.67,6,0,0,624
626,Bouffalant,Normal,nan,Bash Buffalo Pokemon,1.6,94.5,95,110,95,40,95,55,490,81.67,6,0,0,
627,Rufflet,Normal,Flying,Eaglet Pokemon,0.5,10.5,70,83,50,37,50,60,350,58.33,6,0,0,
628,Braviary,Normal,Flying,Valiant Pokemon,1.5,41,100,123,75,57,75,80,510,85,6,0,0,627
629,Vullaby,Dark,Flying,Diapered Pokemon,0.5,9,70,55,75,45,65,60,370,61.67,6,0,0,
630,Mandibuzz,Dark,Flying,Bone Vulture Pokemon,1.2,39.5,110,65,105,55,95,80,510,85,6,0,0,629
631,Heatmor,Fire,nan,Anteater Pokemon,1.4,58,85,97,66,105,66,65,484,80.67,6,0,0,
632,Durant,Bug,Steel,Iron Ant Pokemon,0.3,33,58,109,112,48,48,109,484,80.67,6,0,0,
633,Deino,Dark,Dragon,Irate Pokemon,0.8,17.3,52,65,50,45,50,38,300,50,6,0,0,
634,Zweilous,Dark,Dragon,Hostile Pokemon,1.4,50,72,85,70,65,70,58,420,70,6,0,0,633
635,Hydreigon,Dark,Dragon,Brutal Pokemon,1.8,160,92,105,90,125,90,98,600,100,6,0,0,634
636,Larvesta,Bug,Fire,Torch Pokemon,1.1,28.8,55,85,55,50,55,60,360,60,6,0,0,
637,Volcarona,Bug,Fire,Sun Pokemon,1.6,46,85,60,65,135,105,100,550,91.67,6,0,0,636
638,Cobalion,Steel,Fighting,Iron Will Pokemon,2.1,250,91,90,129,90,72,108,580,96.67,6,0,1,
639,Terrakion,Rock,Fighting,Cavern Pokemon,1.9,260,91,129,90,72,90,108,580,96.67,6,0,1,
640,Virizion,Grass,Fighting,Grassland Pokemon,2,200,91,90,72,90,129,108,580,96.67,6,0,1,
641,Tornadus (Incarnate Forme),Flying,nan,Cyclone Pokemon,1.5,63,79,115,70,125,80,111,580,96.67,6,0,1,
641,Tornadus (Therian Forme),Flying,nan,Cyclone Pokemon,1.5,63,79,100,80,110,90,121,580,96.67,6,0,1,
642,Thundurus (Incarnate Forme),Electric,Flying,Bolt Strike Pokemon,1.5,61,79,115,70,125,80,111,580,96.67,6,0,1,
642,Thundurus (Therian Forme),Electric,Flying,Bolt Strike Pokemon,3,61,79,105,70,145,80,101,580,96.67,6,0,1,
643,Reshiram,Dragon,Fire,Vast White Pokemon,3.2,330,100,120,100,150,120,90,680,113.33,6,0,1,
644,Zekrom,Dragon,Electric,Deep Black Pokemon,2.9,345,100,150,120,120,100,90,680,113.33,6,0,1,
645,Landorus (Incarnate Forme),Ground,Fighting,Abundance Pokemon,1.5,68,89,125,90,115,80,101,600,100,6,0,1,
645,Landorus (Therian Forme),Ground,Fighting,Abundance Pokemon,1.3,68,89,145,90,105,80,91,600,100,6,0,1,
646,Kyurem (Normal Kyurem),Dragon,Ice,Boundary Pokemon,3,325,125,130,90,130,90,95,660,110,6,0,0,
646,Kyurem (Black Kyurem),Dragon,Ice,Boundary Pokemon,3.6,325,125,170,100,120,90,95,700,116.67,6,0,0,
646,Kyurem (White Kyurem),Dragon,Ice,Boundary Pokemon,3.3,325,125,120,90,170,100,95,700,116.67,6,0,0,
647,Keldeo,Water,Fighting,Colt Pokemon,1.4,48.5,91,72,90,129,90,108,580,96.67,6,1,0,
647,Keldeo (Resolute Form),Water,Fighting,Colt Pokemon,1.4,48.5,91,72,90,129,90,108,580,96.67,6,1,0,
648,Meloetta (Aria Forme),Normal,Psychic,Melody Pokemon,0.6,6.5,100,77,77,128,128,90,600,100,6,1,0,
648,Meloetta (Pirouette Forme),Normal,Fighting,Melody Pokemon,0.6,6.5,100,128,90,77,77,128,600,100,6,1,0,
649,Genesect,Bug,Steel,Paleozoic Pokemon,1.5,82.5,71,120,95,120,95,99,600,100,6,1,0,
650,Chespin,Grass,nan,Spiky Nut Pokemon,0.4,9,56,61,65,48,45,38,313,52.17,6,0,0,
651,Quilladin,Grass,nan,Spiky Armor Pokemon,0.7,29,61,78,95,56,58,57,405,67.5,6,0,0,650
652,Chesnaught,Grass,nan,Spiky Armor Pokemon,1.6,90,88,107,122,74,75,64,530,88.33,6,0,0,651
653,Fennekin,Fire,nan,Fox Pokemon,0.4,9.4,40,45,40,62,60,60,307,51.17,6,0,0,
654,Braixen,Fire,nan,Fox Pokemon,1,14.5,59,59,58,90,70,73,409,68.17,6,0,0,653
655,Delphox,Fire,Psychic,Fox Pokemon,1.5,39,75,69,72,114,100,104,534,89,6,0,0,654
656,Froakie,Water,nan,Bubble Frog Pokemon,0.3,7,41,56,40,62,44,71,314,52.33,6,0,0,
657,Frogadier,Water,nan,Bubble Frog Pokemon,0.6,10.9,54,63,52,83,56,97,405,67.5,6,0,0,656
658,Greninja,Water,Dark,Ninja Pokemon,1.5,40,72,95,67,103,71,122,530,88.33,6,0,0,657
658,Greninja (Ash-Greninja),Water,Dark,Ninja Pokemon,1.5,40,72,145,67,153,71,132,640,106.67,6,0,0,657
659,Bunnelby,Normal,nan,Digging Pokemon,0.4,5,38,36,38,32,36,57,237,39.5,6,0,0,
660,Diggersby,Normal,Ground,Digging Pokemon,1,42.4,85,56,77,50,77,78,423,70.5,6,0,0,659
661,Fletchling,Normal,Flying,Tiny Robin Pokemon,0.3,1.7,45,50,43,40,38,62,278,46.33,6,0,0,
662,Fletchinder,Fire,Flying,Ember Pokemon,0.7,16,62,73,55,56,52,84,382,63.67,6,0,0,661
663,Talonflame,Electric,Normal,Scorching Pokemon,1.2,24.5,78,81,71,74,69,126,499,83.17,6,0,0,662
664,Scatterbug,Bug,nan,Scatterdust Pokemon,0.3,2.5,38,35,40,27,25,35,200,33.33,6,0,0,
665,Spewpa,Bug,nan,Scatterdust Pokemon,0.3,8.4,45,22,60,27,30,29,213,35.5,6,0,0,664
666,Vivillon,Bug,Flying,Scale Pokemon,1.2,17,80,52,50,90,50,89,411,68.5,6,0,0,665
667,Litleo,Fire,Normal,Lion Cub Pokemon,0.6,13.5,62,50,58,73,54,72,369,61.5,6,0,0,
668,Pyroar,Fire,Normal,Royal Pokemon,1.5,81.5,86,68,72,109,66,106,507,84.5,6,0,0,667
669,Flabebe,Fairy,nan,Single Bloom Pokemon,0.1,0.1,44,38,39,61,79,42,303,50.5,6,0,0,
670,Floette,Fairy,nan,Single Bloom Pokemon,0.2,0.9,54,45,47,75,98,52,371,61.83,6,0,0,669
671,Florges,Fairy,nan,Garden Pokemon,1.1,10,78,65,68,112,154,75,552,92,6,0,0,670
672,Skiddo,Grass,nan,Mount Pokemon,0.9,31,66,65,48,62,57,52,350,58.33,6,0,0,
673,Gogoat,Grass,nan,Mount Pokemon,1.7,91,123,100,62,97,81,68,531,88.5,6,0,0,672
674,Pancham,Fighting,nan,Playful Pokemon,0.6,8,67,82,62,46,48,43,348,58,6,0,0,
675,Pangoro,Fighting,Dark,Daunting Pokemon,2.1,136,95,124,78,69,71,58,495,82.5,6,0,0,674
676,Furfrou,Normal,nan,Poodle Pokemon,1.2,28,75,80,60,65,90,102,472,78.67,6,0,0,
677,Espurr,Psychic,nan,Restraint Pokemon,0.3,3.5,62,48,54,63,60,68,355,59.17,6,0,0,
678,Meowstic,Psychic,nan,Constraint Pokemon,0.6,8.5,74,48,76,83,81,104,466,77.67,6,0,0,677
679,Honedge,Steel,Ghost,Sword Pokemon,0.8,2,45,80,100,35,37,28,325,54.17,6,0,0,
680,Doublade,Steel,Ghost,Sword Pokemon,0.8,4.5,59,110,150,45,49,35,448,74.67,6,0,0,679
681,Aegislash (Shield Forme),Steel,Ghost,Royal Sword Pokemon,1.7,53,60,50,140,50,140,60,500,83.33,6,0,0,680
681,Aegislash (Blade Forme),Steel,Ghost,Royal Sword Pokemon,1.7,53,60,140,50,140,50,60,500,83.33,6,0,0,680
682,Spritzee,Fairy,nan,Perfume Pokemon,0.2,0.5,78,52,60,63,65,23,341,56.83,6,0,0,
683,Aromatisse,Fairy,nan,Fragrance Pokemon,0.8,15.5,101,72,72,99,89,29,462,77,6,0,0,682
684,Swirlix,Fairy,nan,Cotton Candy Pokemon,0.4,3.5,62,48,66,59,57,49,341,56.83,6,0,0,
685,Slurpuff,Fairy,nan,Meringue Pokemon,0.8,5,82,80,86,85,75,72,480,80,6,0,0,684
686,Inkay,Dark,Psychic,Revolving Pokemon,0.4,3.5,53,54,53,37,46,45,288,48,6,0,0,
687,Malamar,Dark,Psychic,Overturning Pokemon,1.5,47,86,92,88,68,75,73,482,80.33,6,0,0,686
688,Binacle,Rock,Water,Two-Handed Pokemon,0.5,31,42,52,67,39,56,50,306,51,6,0,0,
689,Barbaracle,Rock,Water,Collective Pokemon,1.3,96,72,105,115,54,86,68,500,83.33,6,0,0,688
690,Skrelp,Poison,Water,Mock Kelp Pokemon,0.5,7.3,50,60,60,60,60,30,320,53.33,6,0,0,
691,Dragalge,Poison,Dragon,Mock Kelp Pokemon,1.8,81.5,65,75,90,97,123,44,494,82.33,6,0,0,690
692,Clauncher,Water,nan,Water Gun Pokemon,0.5,8.3,50,53,62,58,63,44,330,55,6,0,0,
693,Clawitzer,Water,nan,Howitzer Pokemon,1.3,35.3,71,73,88,120,89,59,500,83.33,6,0,0,692
694,Helioptile,Electric,Normal,Generator Pokemon,0.5,6,44,38,33,61,43,70,289,48.17,6,0,0,
695,Heliolisk,Electric,Normal,Generator Pokemon,1,21,62,55,52,109,94,109,481,80.17,6,0,0,694
696,Tyrunt,Rock,Dragon,Royal Heir Pokemon,0.8,26,58,89,77,45,45,48,362,60.33,6,0,0,
697,Tyrantrum,Rock,Dragon,Despot Pokemon,2.5,270,82,121,119,69,59,71,521,86.83,7,0,0,696
698,Amaura,Rock,Ice,Tundra Pokemon,1.3,25.2,77,59,50,67,63,46,362,60.33,7,0,0,
699,Aurorus,Rock,Ice,Tundra Pokemon,2.7,225,123,77,72,99,92,58,521,86.83,7,0,0,698
700,Sylveon,Fairy,nan,Interwining Pokemon,1,23.5,95,65,65,110,130,60,525,87.5,7,0,0,
701,Hawlucha,Fighting,Flying,Wrestling Pokemon,0.8,21.5,78,92,75,74,63,118,500,83.33,7,0,0,
702,Dedenne,Electric,Fairy,Antenna Pokemon,0.2,2.2,67,58,57,81,67,101,431,71.83,7,0,0,
703,Carbink,Rock,Fairy,Jewel Pokemon,0.3,5.7,50,50,150,50,150,50,500,83.33,7,0,0,
704,Goomy,Dragon,nan,Soft Tissue Pokemon,0.3,2.8,45,50,35,55,75,40,300,50,7,0,0,
705,Sliggoo,Dragon,nan,Soft Tissue Pokemon,0.8,17.5,68,75,53,83,113,60,452,75.33,7,0,0,704
706,Goodra,Dragon,nan,Dragon Pokemon,2,150.5,90,100,70,110,150,80,600,100,7,0,0,705
707,Klefki,Steel,Fairy,Key Ring Pokemon,0.2,3,57,80,91,80,87,75,470,78.33,7,0,0,
708,Phantump,Ghost,Grass,Stump Pokemon,0.4,7,43,70,48,50,60,38,309,51.5,7,0,0,
709,Trevenant,Ghost,Grass,Elder Tree Pokemon,1.5,71,85,110,76,65,82,56,474,79,7,0,0,708
710,Pumpkaboo (Small Size),Ghost,Grass,Pumpkin Pokemon,0.4,5,44,66,70,44,55,56,335,55.83,7,0,0,
710,Pumpkaboo (Average Size),Ghost,Grass,Pumpkin Pokemon,0.3,3.5,49,66,70,44,55,51,335,55.83,7,0,0,
710,Pumpkaboo (Large Size),Ghost,Grass,Pumpkin Pokemon,0.5,7.5,54,66,70,44,55,46,335,55.83,7,0,0,
710,Pumpkaboo (Super Size),Ghost,Grass,Pumpkin Pokemon,0.8,15,59,66,70,44,55,41,335,55.83,7,0,0,
711,Gourgeist (Small Size),Ghost,Grass,Pumpkin Pokemon,0.9,12.5,55,85,122,58,75,99,494,82.33,7,0,0,710
711,Gourgeist (Average Size),Ghost,Grass,Pumpkin Pokemon,0.7,9.5,65,90,122,58,75,84,494,82.33,7,0,0,710
711,Gourgeist (Large Size),Ghost,Grass,Pumpkin Pokemon,1.1,14,75,95,122,58,75,69,494,82.33,7,0,0,710
711,Gourgeist (Super Size),Ghost,Grass,Pumpkin Pokemon,1.7,39,85,100,122,58,75,54,494,82.33,7,0,0,710
712,Bergmite,Ice,nan,Ice Chunk Pokemon,1,99.5,55,69,85,32,35,28,304,50.67,7,0,0,
713,Avalugg,Ice,nan,Iceberg Pokemon,2,505,95,117,184,44,46,28,514,85.67,7,0,0,712
714,Noibat,Flying,Dragon,Sound Wave Pokemon,0.5,8,40,30,35,45,40,55,245,40.83,7,0,0,
715,Noivern,Flying,Dragon,Sound Wave Pokemon,1.5,85,85,70,80,97,80,123,535,89.17,7,0,0,714
716,Xerneas,Fairy,nan,Life Pokemon,3,215,126,131,95,131,98,99,680,113.33,7,0,1,
717,Yveltal,Dark,Flying,Destruction Pokemon,5.8,203,126,131,95,131,98,99,680,113.33,7,0,1,
718,Zygarde (50% Forme),Dragon,Ground,Order Pokemon,5,305,108,100,121,81,95,95,600,100,7,0,1,
718,Zygarde (10% Forme),Dragon,Ground,Order Pokemon,1.2,33.5,54,100,71,61,85,115,486,81,7,0,1,
718,Zygarde (Complete Forme),Dragon,Ground,Order Pokemon,4.5,610,216,100,121,91,95,85,708,118,7,0,1,
719,Diancie,Rock,Fairy,Jewel Pokemon,0.7,8.8,50,100,150,100,150,50,600,100,7,1,0,
719,Diancie (Mega Diancie),Rock,Fairy,Jewel Pokemon,1.1,27.8,50,160,110,160,110,110,700,116.67,7,1,0,
720,Hoopa (Hoopa Confined),Psychic,Ghost,Mischief Pokemon,0.5,9,80,110,60,150,130,70,600,100,7,1,0,
720,Hoopa (Hoopa Unbound),Psychic,Dark,Djinn Pokemon,6.5,490,80,160,60,170,130,80,680,113.33,7,1,0,
721,Volcanion,Fire,Water,Steam Pokemon,1.7,195,80,110,120,130,90,70,600,100,7,1,0,
722,Rowlet,Grass,Flying,Grass Quill Pokemon,0.3,1.5,68,55,55,50,50,42,320,53.33,7,0,0,
723,Dartrix,Grass,Flying,Blade Quill Pokemon,0.7,16,78,75,75,70,70,52,420,70,7,0,0,722
724,Decidueye,Grass,Flying,Arrow Quill Pokemon,1.6,36.6,78,107,75,100,100,70,530,88.33,7,0,0,723
725,Litten,Fire,nan,Fire Cat Pokemon,0.4,4.3,45,65,40,60,40,70,320,53.33,7,0,0,
726,Torracat,Fire,nan,Fire Cat Pokemon,0.7,25,65,85,50,80,50,90,420,70,7,0,0,725
727,Incineroar,Fire,Dark,Heel Pokemon,1.8,83,95,115,90,80,90,60,530,88.33,7,0,0,726
728,Popplio,Water,nan,Sea Lion Pokemon,0.4,7.5,50,54,54,66,56,40,320,53.33,7,0,0,
729,Brionne,Water,nan,Pop Star Pokemon,0.6,17.5,60,69,69,91,81,50,420,70,7,0,0,728
730,Primarina,Water,Fairy,Soloist Pokemon,1.8,44,80,74,74,126,116,60,530,88.33,7,0,0,729
731,Pikipek,Normal,Flying,Woodpecker Pokemon,0.3,1.2,35,75,30,30,30,65,265,44.17,7,0,0,
732,Trumbeak,Normal,Flying,Bugle Beak Pokemon,0.6,14.8,55,85,50,40,50,75,355,59.17,7,0,0,731
733,Toucannon,Normal,Flying,Cannon Pokemon,1.1,26,80,120,75,75,75,60,485,80.83,7,0,0,732
734,Yungoos,Normal,nan,Loitering Pokemon,0.4,6,48,70,30,30,30,45,253,42.17,7,0,0,
735,Gumshoos,Normal,nan,Stakeout Pokemon,0.7,14.2,88,110,60,55,60,45,418,69.67,7,0,0,734
736,Grubbin,Bug,nan,Larva Pokemon,0.4,4.4,47,62,45,55,45,46,300,50,7,0,0,
737,Charjabug,Bug,Electric,Battery Pokemon,0.5,10.5,57,82,95,55,75,36,400,66.67,7,0,0,736
738,Vikavolt,Bug,Electric,Stag Beetle Pokemon,1.5,45,77,70,90,145,75,43,500,83.33,7,0,0,737
739,Crabrawler,Fighting,nan,Boxing Pokemon,0.6,7,47,82,57,42,47,63,338,56.33,7,0,0,
740,Crabominable,Fighting,Ice,Woolly Crab Pokemon,1.7,180,97,132,77,62,67,43,478,79.67,7,0,0,739
741,Oricorio (Baile Style),Fire,Flying,Dancing Pokemon,0.6,3.4,75,70,70,98,70,93,476,79.33,7,0,0,
741,Oricorio (Pom-Pom Style),Electric,Flying,Dancing Pokemon,0.6,3.4,75,70,70,98,70,93,476,79.33,7,0,0,
741,Oricorio (Pa'u Style),Psychic,Flying,Dancing Pokemon,0.6,3.4,75,70,70,98,70,93,476,79.33,7,0,0,
741,Oricorio (Sensu Style),Ghost,Flying,Dancing Pokemon,0.6,3.4,75,70,70,98,70,93,476,79.33,7,0,0,
742,Cutiefly,Bug,Fairy,Bee Fly Pokemon,0.1,0.2,40,45,40,55,40,84,304,50.67,7,0,0,
743,Ribombee,Bug,Fairy,Bee Fly Pokemon,0.2,0.5,60,55,60,95,70,124,464,77.33,7,0,0,742
744,Rockruff,Rock,nan,Puppy Pokemon,0.5,9.2,45,65,40,30,40,60,280,46.67,7,0,0,
745,Lycanroc (Midday Form),Rock,nan,Wolf Pokemon,0.8,25,75,115,65,55,65,112,487,81.17,7,0,0,744
745,Lycanroc (Midnight Form),Rock,nan,Wolf Pokemon,1.1,25,85,115,75,55,75,82,487,81.17,7,0,0,744
745,Lycanroc (Dusk Form),Rock,nan,Wolf Pokemon,0.8,25,75,117,65,55,65,110,487,81.17,7,0,0,744
746,Wishiwashi (Solo Form),Water,nan,Small Fry Pokemon,0.2,0.3,45,20,20,25,25,40,175,29.17,7,0,0,
746,Wishiwashi (School Form),Water,nan,Small Fry Pokemon,8.2,78.6,45,140,130,140,135,30,620,103.33,7,0,0,
747,Mareanie,Poison,Water,Brutal Pokemon,0.4,8,50,53,62,43,52,45,305,50.83,7,0,0,
748,Toxapex,Poison,Water,Brutal Pokemon,0.7,14.5,50,63,152,53,142,35,495,82.5,7,0,0,747
749,Mudbray,Ground,nan,Donkey Pokemon,1,110,70,100,70,45,55,45,385,64.17,7,0,0,
750,Mudsdale,Ground,nan,Draft Horse Pokemon,2.5,920,100,125,100,55,85,35,500,83.33,7,0,0,749
751,Dewpider,Water,Bug,Water Bubble Pokemon,0.3,4,38,40,52,40,72,27,269,44.83,7,0,0,
752,Araquanid,Water,Bug,Water Bubble Pokemon,1.8,82,68,70,92,50,132,42,454,75.67,7,0,0,751
753,Fomantis,Grass,nan,Sickle Grass Pokemon,0.3,1.5,40,55,35,50,35,35,250,41.67,7,0,0,
754,Lurantis,Grass,nan,Bloom Sickle Pokemon,0.9,18.5,70,105,90,80,90,45,480,80,7,0,0,753
755,Morelull,Grass,Fairy,Illuminating Pokemon,0.2,1.5,40,35,55,65,75,15,285,47.5,7,0,0,
756,Shiinotic,Grass,Fairy,Illuminating Pokemon,1,11.5,60,45,80,90,100,30,405,67.5,7,0,0,755
757,Salandit,Poison,Fire,Toxic Lizard Pokemon,0.6,4.8,48,44,40,71,40,77,320,53.33,7,0,0,
758,Salazzle,Poison,Fire,Toxic Lizard Pokemon,1.2,22.2,68,64,60,111,60,117,480,80,7,0,0,757
759,Stufful,Normal,Fighting,Flailing Pokemon,0.5,6.8,70,75,50,45,50,50,340,56.67,7,0,0,
760,Bewear,Normal,Fighting,Strong Arm Pokemon,2.1,135,120,125,80,55,60,60,500,83.33,7,0,0,759
761,Bounsweet,Grass,nan,Fruit Pokemon,0.3,3.2,42,30,38,30,38,32,210,35,7,0,0,
762,Steenee,Grass,nan,Fruit Pokemon,0.7,8.2,52,40,48,40,48,62,290,48.33,7,0,0,761
763,Tsareena,Grass,nan,Fruit Pokemon,1.2,21.4,72,120,98,50,98,72,510,85,7,0,0,762
764,Comfey,Fairy,nan,Posy Picker Pokemon,0.1,0.3,51,52,90,82,110,100,485,80.83,7,0,0,
765,Oranguru,Normal,Psychic,Sage Pokemon,1.5,76,90,60,80,90,110,60,490,81.67,7,0,0,
766,Passimian,Fighting,nan,Teamwork Pokemon,2,82.8,100,120,90,40,60,80,490,81.67,7,0,0,
767,Wimpod,Bug,Water,Turn Tail Pokemon,0.5,12,25,35,40,20,30,80,230,38.33,7,0,0,
768,Golisopod,Bug,Water,Hard Scale Pokemon,2,108,75,125,140,60,90,40,530,88.33,7,0,0,767
769,Sandygast,Ghost,Ground,Sand Heap Pokemon,0.5,70,55,55,80,70,45,15,320,53.33,7,0,0,
770,Palossand,Ghost,Ground,Sand Castle Pokemon,1.3,250,85,75,110,100,75,35,480,80,8,0,0,769
771,Pyukumuku,Water,nan,Sea Cucumber Pokemon,0.3,1.2,55,60,130,30,130,5,410,68.33,8,0,0,
772,Type: Null,Normal,nan,Synthetic Pokemon,1.9,120.5,95,95,95,95,95,59,534,89,8,0,1,
773,Silvally,Normal,nan,Synthetic Pokemon,2.3,100.5,95,95,95,95,95,95,570,95,8,0,1,772
774,Minior (Meteor Form),Rock,Flying,Meteor Pokemon,0.3,40,60,60,100,60,100,60,440,73.33,8,0,0,
774,Minior (Core Form),Rock,Flying,Meteor Pokemon,0.3,0.3,60,100,60,100,60,120,500,83.33,8,0,0,
775,Komala,Normal,nan,Drowsing Pokemon,0.4,19.9,65,115,65,75,95,65,480,80,8,0,0,
776,Turtonator,Fire,Dragon,Blast Turtle Pokemon,2,212,60,78,135,91,85,36,485,80.83,8,0,0,
777,Togedemaru,Electric,Steel,Roly-Poly Pokemon,0.3,3.3,65,98,63,40,73,96,435,72.5,8,0,0,
778,Mimikyu,Ghost,Fairy,Disguise Pokemon,0.2,0.7,55,90,80,50,105,96,476,79.33,8,0,0,
779,Bruxish,Water,Psychic,Gnash Teeth Pokemon,0.9,19,68,105,70,70,70,92,475,79.17,8,0,0,
780,Drampa,Normal,Dragon,Placid Pokemon,3,185,78,60,85,135,91,36,485,80.83,8,0,0,
781,Dhelmise,Ghost,Grass,Sea Creeper Pokemon,3.9,210,70,131,100,86,90,40,517,86.17,8,0,0,
782,Jangmo-o,Dragon,nan,Scaly Pokemon,0.6,29.7,45,55,65,45,45,45,300,50,8,0,0,
783,Hakamo-o,Dragon,Fighting,Scaly Pokemon,1.2,47,55,75,90,65,70,65,420,70,8,0,0,782
784,Kommo-o,Dragon,Fighting,Scaly Pokemon,1.6,78.2,75,110,125,100,105,85,600,100,8,0,0,783
785,Tapu Koko,Electric,Fairy,Land Spirit Pokemon,1.8,20.5,70,115,85,95,75,130,570,95,8,0,1,
786,Tapu Lele,Psychic,Fairy,Land Spirit Pokemon,1.2,18.6,70,85,75,130,115,95,570,95,8,0,1,
787,Tapu Bulu,Grass,Fairy,Land Spirit Pokemon,1.9,45.5,70,130,115,85,95,75,570,95,8,0,1,
788,Tapu Fini,Water,Fairy,Land Spirit Pokemon,1.3,21.2,70,75,115,95,130,85,570,95,8,0,1,
789,Cosmog,Psychic,nan,Nebula Pokemon,0.2,0.1,43,29,31,29,31,37,200,33.33,8,0,1,
790,Cosmoem,Psychic,nan,Protostar Pokemon,0.1,999.9,43,29,131,29,131,37,400,66.67,8,0,1,789
791,Solgaleo,Psychic,Steel,Sunne Pokemon,3.4,230,137,137,107,113,89,97,680,113.33,8,0,1,790
792,Lunala,Psychic,Ghost,Moone Pokemon,4,120,137,113,89,137,107,97,680,113.33,8,0,1,790
793,Nihilego,Rock,Poison,Parasite Pokemon,1.2,55.5,109,53,47,127,131,103,570,95,8,0,0,
794,Buzzwole,Bug,Fighting,Swollen Pokemon,2.4,333.6,107,139,139,53,53,79,570,95,8,0,0,
795,Pheromosa,Bug,Fighting,Lissome Pokemon,1.8,25,71,137,37,137,37,151,570,95,8,0,0,
796,Xurkitree,Electric,nan,Glowing Pokemon,3.8,100,83,89,71,173,71,83,570,95,8,0,0,
797,Celesteela,Steel,Flying,Launch Pokemon,9.2,999.9,97,101,103,107,101,61,570,95,8,0,0,
798,Kartana,Grass,Steel,Drawn Sword Pokemon,0.3,0.1,59,181,131,59,31,109,570,95,8,0,0,
799,Guzzlord,Dark,Dragon,Junkivore Pokemon,5.5,888,223,101,53,97,53,43,570,95,8,0,0,
800,Necrozma,Psychic,nan,Prism Pokemon,2.4,230,97,107,101,127,89,79,600,100,8,0,1,
800,Necrozma (Dusk Mane),Psychic,Steel,Prism Pokemon,3.8,460,97,157,127,113,109,77,680,113.33,8,0,1,
800,Necrozma (Dawn Wings),Psychic,Ghost,Prism Pokemon,4.2,350,97,113,109,157,127,77,680,113.33,8,0,1,
800,Necrozma (Ultra Necrozma),Psychic,Dragon,Prism Pokemon,7.5,230,97,167,97,167,97,129,754,125.67,8,0,1,
801,Magearna,Steel,Fairy,Artificial Pokemon,1,80.5,80,95,115,130,115,65,600,100,8,1,0,
802,Marshadow,Fighting,Ghost,Gloomdweller Pokemon,0.7,22.2,90,125,80,90,90,125,600,100,8,1,0,
803,Poipole,Poison,nan,Poison Pin Pokemon,0.6,1.8,67,73,67,73,67,73,420,70,8,0,0,
804,Naganadel,Poison,Dragon,Poison Pin Pokemon,3.6,150,73,73,73,127,73,121,540,90,8,0,0,803
805,Stakataka,Rock,Steel,Rampart Pokemon,5.5,820,61,131,211,53,101,13,570,95,8,0,0,
806,Blacephalon,Fire,Ghost,Fireworks Pokemon,1.8,13,53,127,53,151,79,107,570,95,8,0,0,
807,Zeraora,Electric,nan,Thunderclap Pokemon,1.5,44.5,88,112,75,102,80,143,600,100,8,1,0,
808,Meltan,Steel,nan,Hex Nut Pokemon,0.2,8,46,65,65,55,35,34,300,50,8,1,0,
809,Melmetal,Steel,nan,Hex Nut Pokemon,2.5,800,135,143,143,80,65,34,600,100,8,1,0,808
810,Grookey,Grass,nan,Chimp Pokemon,0.3,5,50,65,50,40,40,65,310,51.67,8,0,0,
811,Thwackey,Grass,nan,Beat Pokemon,0.7,14,70,85,70,55,60,80,420,70,8,0,0,810
812,Rillaboom,Grass,nan,Drummer Pokemon,2.1,90,100,125,90,60,70,85,530,88.33,8,0,0,811
812,Rillaboom (Gigantamax),Grass,nan,Drummer Pokemon,28,0,100,125,90,60,70,85,530,88.33,8,0,0,811
813,Scorbunny,Fire,nan,Rabbit Pokemon,0.3,4.5,50,71,40,40,40,69,310,51.67,8,0,0,
814,Raboot,Fire,nan,Rabbit Pokemon,0.6,9,65,86,60,55,60,94,420,70,8,0,0,813
815,Cinderace,Fire,nan,Striker Pokemon,1.4,33,80,116,75,65,75,119,530,88.33,8,0,0,814
815,Cinderace (Gigantamax),Fire,nan,Striker Pokemon,27,0,80,116,75,65,75,119,530,88.33,8,0,0,814
816,Sobble,Water,nan,Water Lizard Pokemon,0.3,4,50,40,40,70,40,70,310,51.67,8,0,0,
817,Drizzile,Water,nan,Water Lizard Pokemon,0.7,11.5,65,60,55,95,55,90,420,70,8,0,0,816
818,Inteleon,Water,nan,Secret Agent Pokemon,1.9,45.2,70,85,65,125,65,120,530,88.33,8,0,0,817
818,Inteleon (Gigantamax),Water,nan,Secret Agent Pokemon,40,0,70,85,65,125,65,120,530,88.33,8,0,0,817
819,Skwovet,Normal,nan,Cheeky Pokemon,0.3,2.5,70,55,55,35,35,25,275,45.83,8,0,0,
820,Greedent,Normal,nan,Greedy Pokemon,0.6,6,120,95,95,55,75,20,460,76.67,8,0,0,819
821,Rookidee,Flying,nan,Tiny Bird Pokemon,0.2,1.8,38,47,35,33,35,57,245,40.83,8,0,0,
822,Corvisquire,Flying,nan,Raven Pokemon,0.8,16,68,67,55,43,55,77,365,60.83,8,0,0,821
823,Corviknight,Flying,Steel,Raven Pokemon,2.2,75,98,87,105,53,85,67,495,82.5,8,0,0,822
823,Corviknight (Gigantamax),Flying,Steel,Raven Pokemon,14,0,98,87,105,53,85,67,495,82.5,8,0,0,822
824,Blipbug,Bug,nan,Larva Pokemon,0.4,8,25,20,20,25,45,45,180,30,8,0,0,
825,Dottler,Bug,Psychic,Radome Pokemon,0.4,19.5,50,35,80,50,90,30,335,55.83,8,0,0,824
826,Orbeetle,Bug,Psychic,Seven Spot Pokemon,0.4,40.8,60,45,110,80,120,90,505,84.17,8,0,0,825
826,Orbeetle (Gigantamax),Bug,Psychic,Seven Spot Pokemon,14,0,60,45,110,80,120,90,505,84.17,8,0,0,825
827,Nickit,Dark,nan,Fox Pokemon,0.6,8.9,40,28,28,47,52,50,245,40.83,8,0,0,
828,Thievul,Dark,nan,Fox Pokemon,1.2,19.9,70,58,58,87,92,90,455,75.83,8,0,0,827
829,Gossifleur,Grass,nan,Flowering Pokemon,0.4,2.2,40,40,60,40,60,10,250,41.67,8,0,0,
830,Eldegoss,Grass,nan,Cotton Bloom Pokemon,0.5,2.5,60,50,90,80,120,60,460,76.67,8,0,0,829
831,Wooloo,Normal,nan,Sheep Pokemon,0.6,6,42,40,55,40,45,48,270,45,8,0,0,
832,Dubwool,Normal,nan,Sheep Pokemon,1.3,43,72,80,100,60,90,88,490,81.67,8,0,0,831
833,Chewtle,Water,nan,Snapping Pokemon,0.3,8.5,50,64,50,38,38,44,284,47.33,8,0,0,
834,Drednaw,Water,Rock,Bite Pokemon,1,115.5,90,115,90,48,68,74,485,80.83,8,0,0,833
834,Drednaw (Gigantamax),Water,Rock,Bite Pokemon,24,0,90,115,90,48,68,74,485,80.83,8,0,0,833
835,Yamper,Electric,nan,Puppy Pokemon,0.3,13.5,59,45,50,40,50,26,270,45,8,0,0,
836,Boltund,Electric,nan,Dog Pokemon,1,34,69,90,60,90,60,121,490,81.67,8,0,0,835
837,Rolycoly,Rock,nan,Coal Pokemon,0.3,12,30,40,50,40,50,30,240,40,8,0,0,
838,Carkol,Rock,Fire,Coal Pokemon,1.1,78,80,60,90,60,70,50,410,68.33,8,0,0,837
839,Coalossal,Rock,Fire,Coal Pokemon,2.8,310.5,110,80,120,80,90,30,510,85,8,0,0,838
839,Coalossal (Giantmax Colaossal),Rock,Fire,Coal Pokemon,42,0,110,80,120,80,90,30,510,85,8,0,0,838
840,Applin,Grass,Dragon,Apple Core Pokemon,0.2,0.5,40,40,80,40,40,20,260,43.33,8,0,0,
841,Flapple,Grass,Dragon,Apple Wing Pokemon,0.3,1,70,110,80,95,60,70,485,80.83,8,0,0,840
841,Flapple (Gigantamax),Grass,Dragon,Apple Wing Pokemon,24,0,70,110,80,95,60,70,485,80.83,8,0,0,840
842,Appletun,Grass,Dragon,Apple Nectar Pokemon,0.4,13,110,85,80,100,80,30,485,80.83,8,0,0,840
842,Appletun (Gigantamax),Grass,Dragon,Apple Nectar Pokemon,24,0,110,85,80,100,80,30,485,80.83,8,0,0,840
843,Silicobra,Ground,nan,Sand Snake Pokemon,2.2,7.6,52,57,75,35,50,46,315,52.5,8,0,0,
844,Sandaconda,Ground,nan,Sand Snake Pokemon,3.8,65.5,72,107,125,65,70,71,510,85,8,0,0,843
844,Sandaconda (Gigantamax),Ground,nan,Sand Snake Pokemon,22,0,72,107,125,65,70,71,510,85,8,0,0,843
845,Cramorant,Flying,Water,Gulp Pokemon,0.8,18,70,85,55,85,95,85,475,79.17,8,0,0,
846,Arrokuda,Water,nan,Rush Pokemon,0.5,1,41,63,40,40,30,66,280,46.67,8,0,0,
847,Barraskewda,Water,nan,Skewer Pokemon,1.3,30,61,123,60,60,50,136,490,81.67,8,0,0,846
848,Toxel,Electric,Poison,Baby Pokemon,0.4,11,40,38,35,54,35,40,242,40.33,8,0,0,
849,Toxtricity (Amped Form),Electric,Poison,Punk Pokemon,1.6,40,75,98,70,114,70,75,502,83.67,8,0,0,848
849,Toxtricity (Low Key Form),Electric,Poison,Punk Pokemon,1.6,40,75,98,70,114,70,75,502,83.67,8,0,0,848
849,Toxtricity (Gigantamax),Electric,Poison,Punk Pokemon,24,0,75,98,70,114,70,75,502,83.67,8,0,0,848
849,Toxtricity (Low Key Form Gigantamax),Electric,Poison,Punk Pokemon,24,0,75,98,70,114,70,75,502,83.67,8,0,0,848
850,Sizzlipede,Fire,Bug,Radiator Pokemon,0.7,1,50,65,45,50,50,45,305,50.83,8,0,0,
851,Centiskorch,Fire,Bug,Radiator Pokemon,3,120,100,115,65,90,90,65,525,87.5,8,0,0,850
851,Centiskorch (Gigantamax),Fire,Bug,Radiator Pokemon,75,0,100,115,65,90,90,65,525,87.5,8,0,0,850
852,Clobbopus,Fighting,nan,Tantrum Pokemon,0.6,4,50,68,60,50,50,32,310,51.67,8,0,0,
853,Grapploct,Fighting,nan,Jujitsu Pokemon,1.6,39,80,118,90,70,80,42,480,80,8,0,0,852
854,Sinistea,Ghost,nan,Black Tea Pokemon,0.1,0.2,40,45,45,74,54,50,308,51.33,8,0,0,
855,Polteageist,Ghost,nan,Black Tea Pokemon,0.2,0.4,60,65,65,134,114,70,508,84.67,8,0,0,854
856,Hatenna,Psychic,nan,Calm Pokemon,0.4,3.4,42,30,45,56,53,39,265,44.17,8,0,0,
857,Hattrem,Psychic,nan,Serene Pokemon,0.6,4.8,57,40,65,86,73,49,370,61.67,8,0,0,856
858,Hatterene,Psychic,Fairy,Silent Pokemon,2.1,5.1,57,90,95,136,103,29,510,85,8,0,0,857
858,Hatterene (Gigantamax),Psychic,Fairy,Silent Pokemon,26,0,57,90,95,136,103,29,510,85,8,0,0,857
859,Impidimp,Dark,Fairy,Wily Pokemon,0.4,5.5,45,45,30,55,40,50,265,44.17,8,0,0,
860,Morgrem,Dark,Fairy,Devious Pokemon,0.8,12.5,65,60,45,75,55,70,370,61.67,8,0,0,859
861,Grimmsnarl,Dark,Fairy,Bulk Up Pokemon,1.5,61,95,120,65,95,75,60,510,85,8,0,0,860
861,Grimmsnarl (Gigantamax),Dark,Fairy,Bulk Up Pokemon,32,0,95,120,65,95,75,60,510,85,8,0,0,860
862,Obstagoon,Dark,Normal,Blocking Pokemon,1.6,46,93,90,101,60,81,95,520,86.67,8,0,0,264
863,Perrserker,Steel,nan,Viking Pokemon,0.8,28,70,110,100,50,60,50,440,73.33,8,0,0,52
864,Cursola,Ghost,nan,Coral Pokemon,1,0.4,60,95,50,145,130,30,510,85,8,0,0,222
865,Sirfetch'd,Fighting,nan,Wild Duck Pokemon,0.8,117,62,135,95,68,82,65,507,84.5,8,0,0,83
866,Mr. Rime,Ice,Psychic,Comedian Pokemon,1.5,58.2,80,85,75,110,100,70,520,86.67,8,0,0,122
867,Runerigus,Ground,Ghost,Grudge Pokemon,1.6,66.6,58,95,145,50,105,30,483,80.5,8,0,0,562
868,Milcery,Fairy,nan,Cream Pokemon,0.2,0.3,45,40,40,50,61,34,270,45,8,0,0,
869,Alcremie,Fairy,nan,Cream Pokemon,0.3,0.5,65,60,75,110,121,64,495,82.5,8,0,0,568
869,Alcremie (Gigantamax),Fairy,nan,Cream Pokemon,30,0,65,60,75,110,121,64,495,82.5,8,0,0,568
870,Falinks,Fighting,nan,Formation Pokemon,3,62,65,100,100,70,60,75,470,78.33,8,0,0,
871,Pincurchin,Electric,nan,Sea Urchin Pokemon,0.3,1,48,101,95,91,85,15,435,72.5,8,0,0,
872,Snom,Ice,Bug,Worm Pokemon,0.3,3.8,30,25,35,45,30,20,185,30.83,8,0,0,
873,Frosmoth,Ice,Bug,Frost Moth Pokemon,1.3,42,70,65,60,125,90,65,475,79.17,8,0,0,872
874,Stonjourner,Rock,nan,Big Rock Pokemon,2.5,520,100,125,135,20,20,70,470,78.33,8,0,0,
875,Eiscue (Ice Face),Ice,nan,Penguin Pokemon,1.4,89,75,80,110,65,90,50,470,78.33,8,0,0,
875,Eiscue (Noice Face),Ice,nan,Penguin Pokemon,1.4,89,75,80,70,65,50,130,470,78.33,8,0,0,
876,Indeedee (Male),Psychic,Normal,Emotion Pokemon,0.9,28,60,65,55,105,95,95,475,79.17,8,0,0,
876,Indeedee (Female),Psychic,Normal,Emotion Pokemon,0.9,28,70,55,65,95,105,85,475,79.17,8,0,0,
877,Morpeko,Electric,Dark,Two-Sided Pokemon,0.3,3,58,95,58,70,58,97,436,72.67,8,0,0,
878,Cufant,Steel,nan,Copperderm Pokemon,1.2,100,72,80,49,40,49,40,330,55,8,0,0,
879,Copperajah,Steel,nan,Copperderm Pokemon,3,650,122,130,69,80,69,30,500,83.33,8,0,0,878
879,Copperajah (Gigantamax),Steel,nan,Copperderm Pokemon,23,0,122,130,69,80,69,30,500,83.33,8,0,0,878
880,Dracozolt,Electric,Dragon,Fossil Pokemon,1.8,190,90,100,90,80,70,75,505,84.17,8,0,0,
881,Arctozolt,Electric,Ice,Fossil Pokemon,2.3,150,90,100,90,90,80,55,505,84.17,8,0,0,
882,Dracovish,Water,Dragon,Fossil Pokemon,2.3,215,90,90,100,70,80,75,505,84.17,8,0,0,
883,Arctovish,Water,Ice,Fossil Pokemon,2,175,90,90,100,80,90,55,505,84.17,8,0,0,
884,Duraludon,Steel,Dragon,Alloy Pokemon,1.8,40,70,95,115,120,50,85,535,89.17,8,0,0,
884,Duraludon (Gigantamax),Steel,Dragon,Alloy Pokemon,43,0,70,95,115,120,50,85,535,89.17,8,0,0,
885,Dreepy,Dragon,Ghost,Lingering Pokemon,0.5,2,28,60,30,40,30,82,270,45,8,0,0,
886,Drakloak,Dragon,Ghost,Caretaker Pokemon,1.4,11,68,80,50,60,50,102,410,68.33,8,0,0,885
887,Dragapult,Dragon,Ghost,Stealth Pokemon,3,50,88,120,75,100,75,142,600,100,8,0,0,886
888,Zacian (Hero of Many Battles),Fairy,nan,Warrior Pokemon,2.8,110,92,130,115,80,115,138,670,111.67,8,0,1,
888,Zacian (Crowned Sword),Fairy,Steel,Warrior Pokemon,2.8,355,92,170,115,80,115,148,720,120,8,0,1,
889,Zamazenta (Hero of Many Battles),Fighting,nan,Warrior Pokemon,2.9,210,92,130,115,80,115,138,670,111.67,8,0,1,
889,Zamazenta (Crowned Shield),Fighting,Steel,Warrior Pokemon,2.9,785,92,130,145,80,145,128,720,120,8,0,1,
890,Eternatus,Poison,Dragon,Gigantic Pokemon,20,950,140,85,95,145,95,130,690,115,8,0,0,
890,Eternatus (Eternamax),Poison,Dragon,Gigantic Pokemon,100,0,255,115,250,125,250,130,1125,187.5,8,0,0,
891,Kubfu,Fighting,nan,Wushu Pokemon,0.6,12,60,90,60,53,50,72,385,64.17,8,0,1,
892,Urshifu (Single Strike Style),Fighting,Dark,Wushu Pokemon,1.9,105,100,130,100,63,60,97,550,91.67,8,0,1,891
892,Urshifu (Rapid Strike Style),Fighting,Water,Wushu Pokemon,1.9,105,100,130,100,63,60,97,550,91.67,8,0,1,891
892,Urshifu (Gigantamax),Fighting,Water,Wushu Pokemon,29,0,100,130,100,63,60,97,550,91.67,8,0,1,891
892,Urshifu (Rapid Strike Style Gigantamax),Fighting,Water,Wushu Pokemon,29,0,100,130,100,63,60,97,550,91.67,8,0,1,891
893,Zarude,Dark,Grass,Rogue Monkey Pokemon,1.8,70,105,120,105,70,95,105,600,100,8,1,0,
893,Zarude (Dada),Dark,Grass,Rogue Monkey Pokemon,1.8,70,105,120,105,70,95,105,600,100,8,1,0,
894,Regieleki,Electric,nan,Electron Pokemon,1.2,145,80,100,50,100,50,200,580,96.67,8,0,1,
895,Regidrago,Dragon,nan,Dragon Orb Pokemon,2.1,200,200,100,50,100,50,80,580,96.67,8,0,1,
896,Glastrier,Ice,nan,Wild Horse Pokemon,2.2,800,100,145,130,65,110,30,580,96.67,8,0,1,
897,Spectrier,Ghost,nan,Swift Horse Pokemon,2,44.5,100,65,60,145,80,130,580,96.67,8,0,1,
898,Calyrex,Psychic,Grass,King Pokemon,1.1,7.7,100,80,80,80,80,80,500,83.33,8,0,1,
898,Calyrex (Ice Rider),Psychic,Ice,High King Pokemon,1.1,7.7,100,165,150,85,130,50,680,113.33,8,0,1,
898,Calyrex (Shadow Rider),Psychic,Dark,High King Pokemon,1.1,7.7,100,85,80,165,100,150,680,113.33,8,0,1,
